ts_code,side,qty,price,exec_date,fee,status,reason
000516.SZ,BUY,5900,8.5085,20201103,7.29910181,filled,rebalance
000985.SZ,BUY,2200,22.220950196531795,20201103,7.10803754886659,filled,rebalance
000039.SZ,BUY,3800,13.267592607970684,20201103,7.330610267755962,filled,rebalance
002179.SZ,BUY,800,58.38938329673165,20201103,6.791853065075825,filled,rebalance
000816.SZ,BUY,21800,2.4023999999999996,20201103,7.614935327999998,filled,rebalance
000333.SZ,BUY,500,85.74853866236813,20201103,6.233918760754164,filled,rebalance
000550.SZ,BUY,2200,23.132866640871864,20201103,7.399741381082092,filled,rebalance
000985.SZ,SELL,2200,18.119619468208096,20201113,45.65926670554821,filled,exit:atr_trailing
000816.SZ,SELL,21800,3.50649,20201130,87.5560734828,filled,exit:atr_trailing
000516.SZ,SELL,5900,8.68131,20201202,58.6670775966,filled,rebalance
000333.SZ,SELL,500,91.31245592927412,20201202,52.29464351069528,filled,rebalance
000039.SZ,SELL,3800,15.332850258022422,20201202,66.73653740504776,filled,rebalance
000550.SZ,SELL,2200,19.94485558328497,20201202,50.25864268720812,filled,rebalance
000157.SZ,BUY,5200,10.022512235701662,20201202,7.577821051169312,filled,rebalance
000528.SZ,BUY,6100,8.359892804989908,20201202,7.41472332445775,filled,rebalance
000619.SZ,BUY,7200,7.00968721325736,20201202,7.338301349814865,filled,rebalance
002272.SZ,BUY,7300,6.926919999999999,20201202,7.3523714263999995,filled,rebalance
000625.SZ,BUY,1800,27.527499999999996,20201202,7.204497299999998,filled,rebalance
002098.SZ,BUY,8000,6.2062,20201202,7.21905184,filled,rebalance
000528.SZ,SELL,6100,7.555903437377151,20201210,52.79264396274792,filled,exit:ma_stop
002272.SZ,SELL,7300,5.86413,20201214,49.03245386460001,filled,exit:atr_trailing
000157.SZ,SELL,5200,9.889638662282525,20201215,58.90347904364771,filled,exit:atr_trailing
000619.SZ,SELL,7200,6.30214441999043,20201218,51.97302877433068,filled,exit:atr_trailing
002098.SZ,SELL,8000,5.52447,20201229,50.621823504000005,filled,exit:ma_stop
000625.SZ,SELL,1800,21.28869,20201230,43.8913179468,filled,exit:atr_trailing
002179.SZ,SELL,700,84.77035491619463,20210105,67.96717516470653,filled,rebalance
002056.SZ,BUY,2800,15.710841941837456,20210105,6.3961979713608645,filled,rebalance
002202.SZ,BUY,2900,15.420917629945187,20210105,6.502384127842688,filled,rebalance
002340.SZ,BUY,5800,8.00070101000388,20210105,6.747151175756471,filled,rebalance
002389.SZ,BUY,1200,34.93643049151027,20210105,6.095708392158713,filled,rebalance
000547.SZ,BUY,1500,29.812005986307998,20210105,6.501998505613774,filled,rebalance
000821.SZ,BUY,4200,10.190179999999998,20210105,6.222939122399999,filled,rebalance
002335.SZ,BUY,1000,42.72099255568046,20210105,6.211632317595939,filled,rebalance
000738.SZ,BUY,1700,25.149141411607285,20210105,6.2163647741210895,filled,rebalance
002318.SZ,BUY,3700,11.91948144202483,20210105,6.412442626180518,filled,rebalance
000708.SZ,BUY,1100,40.912307692307685,20210105,6.543514492307691,filled,rebalance
002182.SZ,BUY,3000,14.412504881943155,20210105,6.286734629503603,filled,rebalance
002158.SZ,BUY,2600,16.68700947943511,20210105,6.308357063605648,filled,rebalance
002158.SZ,SELL,2600,15.164966230285536,20210114,45.16187603243953,filled,exit:atr_trailing
000547.SZ,SELL,1500,26.15231121281464,20210118,44.932285894736836,filled,exit:atr_trailing
002389.SZ,SELL,1200,29.485973989763586,20210120,40.527881529450255,filled,exit:atr_trailing
002182.SZ,SELL,3000,12.11116134640281,20210120,41.61637261850934,filled,exit:atr_trailing
000821.SZ,SELL,4200,7.892420569478857,20210125,38.14816639181121,filled,exit:atr_trailing
002179.SZ,SELL,100,68.87130053031574,20210127,11.887130053031573,filled,exit:atr_trailing
002335.SZ,SELL,1000,35.92264490291999,20210127,41.14579747180456,filled,"exit:ma_stop,atr_trailing"
000738.SZ,SELL,1700,22.113076919217256,20210127,43.05814111556146,filled,exit:atr_trailing
002056.SZ,SELL,2800,15.962330510455603,20210202,51.193109426692374,filled,rebalance
002202.SZ,SELL,2900,14.771530798503777,20210202,49.066002992158054,filled,rebalance
000708.SZ,SELL,1100,49.81316206171451,20210202,62.76159540803658,filled,rebalance
002340.SZ,SELL,5800,8.32656059517182,20210202,55.316006533116855,filled,rebalance
002318.SZ,SELL,3700,13.637716834724047,20210202,57.79637119122382,filled,rebalance
002064.SZ,BUY,3100,15.822100550747441,20210202,7.131653602243902,filled,rebalance
002258.SZ,BUY,1700,27.20941884411772,20210202,6.7256241498890175,filled,rebalance
000680.SZ,BUY,11100,4.3043,20210202,6.946881941999998,filled,rebalance
000680.SZ,SELL,11100,3.57642,20210208,45.4703892948,filled,exit:ma_stop
002064.SZ,SELL,3100,14.419155674326488,20210302,51.198672819058025,filled,rebalance
002258.SZ,SELL,1700,26.37577024988342,20210302,51.358372315168,filled,rebalance
002006.SZ,BUY,6300,7.357254858982812,20210302,6.739392595925436,filled,rebalance
002006.SZ,SELL,6300,6.1537604220817,20210322,44.40565828094999,filled,exit:atr_trailing
000516.SZ,BUY,3100,15.31537682079011,20210402,6.903252948202935,filled,rebalance
000151.SZ,BUY,4400,10.635270435224875,20210402,6.804020613639466,filled,rebalance
002210.SZ,BUY,15100,3.14314,20210402,6.900889595599999,filled,rebalance
000605.SZ,BUY,7000,6.326944883445278,20210402,6.439564502370604,filled,rebalance
000791.SZ,BUY,8300,5.742820914669701,20210402,6.930551136241688,filled,rebalance
000065.SZ,BUY,4500,11.479515595839523,20210402,7.511047054357799,filled,rebalance
000600.SZ,BUY,6900,6.726175837355779,20210402,6.748103170585559,filled,rebalance
000151.SZ,SELL,4400,8.240886227566664,20210409,41.532088774241366,filled,exit:atr_trailing
000605.SZ,SELL,7000,6.013622509454197,20210412,48.216022556301866,filled,exit:atr_trailing
000065.SZ,SELL,4500,9.262336118870728,20210412,47.740859057495385,filled,exit:atr_trailing
000791.SZ,SELL,8300,4.463440901896536,20210426,42.43312923496803,filled,"exit:ma_stop,atr_trailing"
000600.SZ,SELL,6900,5.482922526194961,20210427,43.33296228437558,filled,"exit:ma_stop,atr_trailing"
002210.SZ,SELL,15100,2.6673299999999998,20210506,46.132912708199996,filled,exit:atr_trailing
000516.SZ,SELL,2800,15.414647318723539,20210507,49.43662370882464,filled,rebalance
000898.SZ,BUY,7700,5.4367173396674575,20210507,6.086839999144892,filled,rebalance
000790.SZ,BUY,6500,6.309112142699413,20210507,5.962741886065215,filled,rebalance
000059.SZ,BUY,5900,7.020257420189819,20210507,6.022398030484038,filled,rebalance
002099.SZ,BUY,3400,12.115132620948799,20210507,5.989236962492249,filled,rebalance
002390.SZ,BUY,3800,10.87054273540027,20210507,6.006192272163358,filled,rebalance
002004.SZ,BUY,5600,7.454807381788311,20210507,6.070002362547315,filled,rebalance
000731.SZ,BUY,7400,5.72090117144949,20210507,6.155460824432793,filled,rebalance
000989.SZ,BUY,4100,9.908821012416427,20210507,5.907044558341929,filled,rebalance
000718.SZ,BUY,5400,7.630754501698752,20210507,5.991363204553792,filled,rebalance
002176.SZ,BUY,5100,8.528519999999999,20210507,6.324238720799999,filled,rebalance
002345.SZ,BUY,7400,5.583252191681297,20210507,6.007356028161408,filled,rebalance
000420.SZ,BUY,13100,3.183129887753656,20210507,6.063034822399899,filled,rebalance
000898.SZ,SELL,7700,4.586382897862234,20210517,40.4499708783278,filled,exit:atr_trailing
002099.SZ,SELL,3400,9.458392637388444,20210528,37.158534967120715,filled,"exit:ma_stop,atr_trailing"
000790.SZ,SELL,6500,5.816010000736069,20210531,43.30077605648011,filled,exit:atr_trailing
000516.SZ,SELL,100,20.469612674053487,20210602,7.046961267405349,filled,rebalance
000059.SZ,SELL,3700,8.084918205349439,20210602,34.91419735979292,filled,rebalance
002390.SZ,SELL,2300,11.767876546068313,20210602,32.066116055957124,filled,rebalance
002004.SZ,SELL,3500,7.860429464365135,20210602,32.51150312527797,filled,rebalance
000989.SZ,SELL,2500,10.411790912812116,20210602,31.02947728203029,filled,rebalance
002176.SZ,SELL,3200,7.90209,20210602,30.286688,filled,rebalance
000731.SZ,SELL,4600,5.527897523170056,20210602,30.42832860658226,filled,rebalance
000718.SZ,SELL,3400,11.255352859569648,20210602,43.83239596219366,filled,rebalance
002345.SZ,SELL,4600,5.818831758188534,20210602,31.76662608766725,filled,rebalance
000420.SZ,SELL,8200,3.186759830607201,20210602,31.13143061097905,filled,rebalance
002121.SZ,BUY,6200,4.42442,20210602,5.0,filled,rebalance
000663.SZ,BUY,3400,8.167353148614609,20210602,5.0,filled,rebalance
002091.SZ,BUY,3400,8.636007526153382,20210602,5.0,filled,rebalance
002409.SZ,BUY,300,75.35610605251445,20210602,5.0,filled,rebalance
000426.SZ,BUY,3100,9.009106415147828,20210602,5.0,filled,rebalance
000158.SZ,BUY,2600,10.981714018564942,20210602,5.0,filled,rebalance
002198.SZ,BUY,3900,7.507795466173402,20210602,5.0,filled,rebalance
000828.SZ,BUY,2400,12.003544509421703,20210602,5.0,filled,rebalance
002291.SZ,BUY,1200,22.639168275862062,20210602,5.0,filled,rebalance
002256.SZ,BUY,11000,2.622637224728916,20210602,5.0,filled,rebalance
000718.SZ,SELL,2000,9.207940260475649,20210610,23.415880520951298,filled,exit:atr_trailing
000989.SZ,SELL,1600,9.507838354482194,20210615,20.21254136717151,filled,exit:atr_trailing
002256.SZ,SELL,11000,2.7372779776564937,20210615,35.11005775422143,filled,exit:atr_trailing
002390.SZ,SELL,1500,10.379307072466025,20210616,20.568960608699037,filled,exit:atr_trailing
002004.SZ,SELL,2100,6.642008984977946,20210616,18.948218868453687,filled,exit:atr_trailing
002176.SZ,SELL,1900,7.302689999999999,20210617,18.875110999999997,filled,"exit:ma_stop,atr_trailing"
002345.SZ,SELL,2800,5.144753226978265,20210617,19.405309035539144,filled,"exit:ma_stop,atr_trailing"
000426.SZ,SELL,3100,7.672410626159062,20210624,28.784472941093092,filled,exit:atr_trailing
002291.SZ,SELL,1200,18.496848299043755,20210625,27.196217958852507,filled,"exit:ma_stop,atr_trailing"
000731.SZ,SELL,2800,5.447198289255166,20210630,20.252155209914463,filled,exit:atr_trailing
002121.SZ,SELL,6200,4.1958,20210630,31.013960000000004,filled,exit:atr_trailing
000516.SZ,SELL,100,18.631443453933503,20210702,6.86314434539335,filled,rebalance
000059.SZ,SELL,2200,8.181056409466288,20210702,22.998324100825833,filled,rebalance
000663.SZ,SELL,3400,11.287584901466884,20210702,43.957919136876576,filled,rebalance
002091.SZ,SELL,3400,9.443155204335064,20210702,37.10672769473921,filled,rebalance
002409.SZ,SELL,300,76.31873488460803,20210702,27.89562046538241,filled,rebalance
000158.SZ,SELL,2600,10.010658228877293,20210702,31.02771139508096,filled,rebalance
002198.SZ,SELL,3800,9.950431595104098,20210702,43.30945252632249,filled,rebalance
000828.SZ,SELL,2400,11.769640732265449,20210702,33.24713775743707,filled,rebalance
000420.SZ,SELL,4900,3.466475427024134,20210702,21.985729592418256,filled,rebalance
000893.SZ,BUY,2400,18.12077136678626,20210702,6.323424376153733,filled,rebalance
000707.SZ,BUY,10900,4.044572530945483,20210702,6.4100812213942575,filled,rebalance
000999.SZ,BUY,1600,28.492276284387636,20210702,6.62844315479994,filled,rebalance
000657.SZ,BUY,4100,11.130069993396848,20210702,6.635079925863596,filled,rebalance
000989.SZ,BUY,4000,11.392961604584524,20210702,6.62614646922636,filled,rebalance
002154.SZ,BUY,6700,6.807971421239028,20210702,6.632189599142635,filled,rebalance
000516.SZ,SELL,100,17.63243844299873,20210707,6.763243844299873,filled,exit:ma_stop
000999.SZ,SELL,1600,26.02851630136302,20210719,47.70090011452993,filled,exit:ma_stop
002154.SZ,SELL,6700,5.955183613919827,20210726,45.70115098627126,filled,exit:atr_trailing
002198.SZ,SELL,100,8.721613235467748,20210727,5.872161323546775,filled,exit:atr_trailing
000989.SZ,SELL,4000,9.780113221449039,20210728,44.80856673539092,filled,"exit:ma_stop,atr_trailing"
000707.SZ,SELL,10900,4.985666440611008,20210802,62.24534751772676,filled,exit:atr_trailing
000893.SZ,SELL,2400,17.914710989335042,20210818,49.24682392124246,filled,"exit:ma_stop,atr_trailing"
000657.SZ,SELL,4100,13.105643618526553,20210917,61.54593722270729,filled,exit:ma_stop
