ts_code,trade_date,adj_factor
000001.SZ,20180823,108.031
000002.SZ,20180823,142.668
000004.SZ,20180823,4.0639
000005.SZ,20180823,9.2676
000006.SZ,20180823,34.2262
000007.SZ,20180823,8.2835
000008.SZ,20180823,22.2747
000009.SZ,20180823,7.3639
000010.SZ,20180823,10.7745
000011.SZ,20180823,3.495
000012.SZ,20180823,23.7419
000014.SZ,20180823,5.3811
000016.SZ,20180823,21.1735
000017.SZ,20180823,2.6827
000018.SZ,20180823,6.7192
000019.SZ,20180823,4.0533
000020.SZ,20180823,1.7518
000021.SZ,20180823,13.8338
000022.SZ,20180823,4.189
000023.SZ,20180823,2.6536
000025.SZ,20180823,1.8828
000026.SZ,20180823,7.3545
000027.SZ,20180823,13.4239
000028.SZ,20180823,3.9038
000029.SZ,20180823,2.1628
000030.SZ,20180823,3.2216
000031.SZ,20180823,14.0028
000032.SZ,20180823,4.1088
000034.SZ,20180823,2.9663
000035.SZ,20180823,4.6116
000036.SZ,20180823,7.7799
000037.SZ,20180823,5.6586
000038.SZ,20180823,2.9238
000039.SZ,20180823,24.2453
000040.SZ,20180823,4.3013
000042.SZ,20180823,13.0717
000043.SZ,20180823,8.102
000045.SZ,20180823,2.9278
000046.SZ,20180823,32.3896
000048.SZ,20180823,5.9013
000049.SZ,20180823,5.365
000050.SZ,20180823,8.2815
000055.SZ,20180823,9.3683
000056.SZ,20180823,4.6974
000058.SZ,20180823,3.2431
000059.SZ,20180823,1.5623
000060.SZ,20180823,36.4373
000061.SZ,20180823,21.2744
000062.SZ,20180823,4.8746
000063.SZ,20180823,15.7875
000065.SZ,20180823,15.0077
000066.SZ,20180823,10.7568
000068.SZ,20180823,2.2795
000069.SZ,20180823,38.7642
000070.SZ,20180823,2.8747
000078.SZ,20180823,20.3674
000088.SZ,20180823,7.3174
000089.SZ,20180823,6.9548
000090.SZ,20180823,5.21
000096.SZ,20180823,2.6443
000099.SZ,20180823,3.765
000100.SZ,20180823,3.0162
000150.SZ,20180823,2.8162
000151.SZ,20180823,2.7065
000153.SZ,20180823,5.5598
000155.SZ,20180823,1.5677
000156.SZ,20180823,1.0041
000157.SZ,20180823,64.9704
000158.SZ,20180823,2.9518
000159.SZ,20180823,3.1805
000166.SZ,20180823,1.4143
000301.SZ,20180823,2.2074
000333.SZ,20180823,4.3967
000338.SZ,20180823,18.338
000400.SZ,20180823,7.5962
000401.SZ,20180823,3.8413
000402.SZ,20180823,34.3343
000403.SZ,20180823,4.2172
000404.SZ,20180823,3.3022
000407.SZ,20180823,10.8829
000408.SZ,20180823,5.6754
000409.SZ,20180823,2.1503
000410.SZ,20180823,2.889
000411.SZ,20180823,2.5366
000413.SZ,20180823,4.5287
000415.SZ,20180823,20.9189
000416.SZ,20180823,9.5213
000417.SZ,20180823,16.7109
000418.SZ,20180823,2.8666
000419.SZ,20180823,13.9553
000420.SZ,20180823,6.3521
000421.SZ,20180823,6.711
000422.SZ,20180823,14.7871
000423.SZ,20180823,9.7523
000425.SZ,20180823,37.5484
000426.SZ,20180823,16.9318
000428.SZ,20180823,12.1386
000429.SZ,20180823,3.3285
000430.SZ,20180823,4.6123
000488.SZ,20180823,8.852
000498.SZ,20180823,2.7227
000501.SZ,20180823,6.465
000502.SZ,20180823,3.1135
000503.SZ,20180823,7.6146
000504.SZ,20180823,2.1029
000505.SZ,20180823,3.3117
000506.SZ,20180823,2.8717
000507.SZ,20180823,4.4889
000509.SZ,20180823,9.7463
000510.SZ,20180823,10.4222
000513.SZ,20180823,6.0672
000514.SZ,20180823,4.3199
000516.SZ,20180823,39.1853
000517.SZ,20180823,12.8843
000518.SZ,20180823,8.3769
000519.SZ,20180823,7.8588
000520.SZ,20180823,6.8547
000521.SZ,20180823,5.0497
000523.SZ,20180823,5.5148
000524.SZ,20180823,4.7055
000525.SZ,20180823,7.4361
000526.SZ,20180823,2.4707
000528.SZ,20180823,8.614
000529.SZ,20180823,3.0874
000530.SZ,20180823,9.662
000531.SZ,20180823,11.8632
000532.SZ,20180823,4.394
000533.SZ,20180823,2.2577
000534.SZ,20180823,4.1326
000536.SZ,20180823,3.6732
000537.SZ,20180823,5.8632
000538.SZ,20180823,17.1868
000539.SZ,20180823,17.305
000540.SZ,20180823,79.8388
000541.SZ,20180823,28.109
000543.SZ,20180823,4.4541
000544.SZ,20180823,3.242
000545.SZ,20180823,4.5265
000546.SZ,20180823,1.804
000547.SZ,20180823,10.5317
000548.SZ,20180823,3.5204
000550.SZ,20180823,3.0947
000551.SZ,20180823,7.7258
000552.SZ,20180823,6.3349
000553.SZ,20180823,4.1402
000554.SZ,20180823,4.8963
000555.SZ,20180823,3.1245
000557.SZ,20180823,7.3282
000558.SZ,20180823,5.9568
000559.SZ,20180823,32.6028
000560.SZ,20180823,5.1259
000561.SZ,20180823,2.52
000563.SZ,20180823,17.1167
000564.SZ,20180823,3.0203
000565.SZ,20180823,7.542
000566.SZ,20180823,9.5136
000567.SZ,20180823,3.2608
000568.SZ,20180823,31.7818
000570.SZ,20180823,4.4794
000571.SZ,20180823,7.6131
000572.SZ,20180823,4.6561
000573.SZ,20180823,7.2382
000576.SZ,20180823,6.1868
000581.SZ,20180823,4.5071
000582.SZ,20180823,4.7259
000584.SZ,20180823,4.8224
000585.SZ,20180823,1.2766
000586.SZ,20180823,3.6985
000587.SZ,20180823,12.6552
000589.SZ,20180823,4.9646
000590.SZ,20180823,4.7638
000591.SZ,20180823,12.7602
000592.SZ,20180823,6.3753
000593.SZ,20180823,5.6004
000595.SZ,20180823,4.9585
000596.SZ,20180823,3.339
000597.SZ,20180823,2.157
000598.SZ,20180823,24.3012
000599.SZ,20180823,4.856
000600.SZ,20180823,6.6933
000601.SZ,20180823,9.6132
000603.SZ,20180823,4.2337
000605.SZ,20180823,3.5345
000606.SZ,20180823,6.443
000607.SZ,20180823,3.7542
000608.SZ,20180823,11.1253
000609.SZ,20180823,6.0291
000610.SZ,20180823,3.0082
000611.SZ,20180823,4.5957
000612.SZ,20180823,9.6943
000613.SZ,20180823,1.4303
000615.SZ,20180823,9.0927
000616.SZ,20180823,28.3193
000617.SZ,20180823,4.838
000619.SZ,20180823,9.1964
000620.SZ,20180823,2.1789
000622.SZ,20180823,2.5255
000623.SZ,20180823,20.6495
000625.SZ,20180823,7.7831
000626.SZ,20180823,10.6781
000627.SZ,20180823,27.1024
000628.SZ,20180823,3.1234
000630.SZ,20180823,26.3586
000631.SZ,20180823,16.7248
000632.SZ,20180823,7.5267
000633.SZ,20180823,7.4788
000635.SZ,20180823,3.6638
000636.SZ,20180823,16.9375
000637.SZ,20180823,16.5204
000638.SZ,20180823,4.4203
000639.SZ,20180823,7.7176
000650.SZ,20180823,20.9378
000651.SZ,20180823,149.5144
000652.SZ,20180823,26.9957
000655.SZ,20180823,5.716
000656.SZ,20180823,6.1699
000657.SZ,20180823,4.2404
000659.SZ,20180823,16.5266
000661.SZ,20180823,3.701
000662.SZ,20180823,6.0428
000663.SZ,20180823,4.0494
000665.SZ,20180823,4.0661
000666.SZ,20180823,1.5866
000667.SZ,20180823,25.3477
000668.SZ,20180823,3.6527
000669.SZ,20180823,3.6507
000670.SZ,20180823,10.0899
000671.SZ,20180823,30.9774
000672.SZ,20180823,5.6258
000673.SZ,20180823,11.5076
000676.SZ,20180823,8.2677
000677.SZ,20180823,18.3
000678.SZ,20180823,4.9599
000679.SZ,20180823,5.7631
000680.SZ,20180823,5.4198
000681.SZ,20180823,5.0173
000682.SZ,20180823,15.625
000683.SZ,20180823,7.5563
000685.SZ,20180823,13.5586
000686.SZ,20180823,12.7368
000687.SZ,20180823,3.3189
000688.SZ,20180823,4.9472
000690.SZ,20180823,40.2564
000691.SZ,20180823,3.0546
000692.SZ,20180823,12.1896
000693.SZ,20180823,2.15
000695.SZ,20180823,2.5496
000697.SZ,20180823,3.6749
000698.SZ,20180823,2.9876
000700.SZ,20180823,15.1068
000701.SZ,20180823,1.723
000702.SZ,20180823,2.553
000703.SZ,20180823,6.7317
000705.SZ,20180823,5.3525
000707.SZ,20180823,3.0376
000708.SZ,20180823,1.9267
000709.SZ,20180823,9.7925
000710.SZ,20180823,3.4966
000711.SZ,20180823,9.7589
000712.SZ,20180823,13.1514
000713.SZ,20180823,3.4164
000715.SZ,20180823,3.279
000716.SZ,20180823,3.766
000717.SZ,20180823,4.4934
000718.SZ,20180823,6.8763
000719.SZ,20180823,4.1946
000720.SZ,20180823,7.2605
000721.SZ,20180823,4.6898
000722.SZ,20180823,3.8558
000723.SZ,20180823,6.3568
000725.SZ,20180823,4.8176
000726.SZ,20180823,7.552
000727.SZ,20180823,5.6347
000728.SZ,20180823,2.2274
000729.SZ,20180823,8.0607
000731.SZ,20180823,10.9175
000732.SZ,20180823,2.1861
000733.SZ,20180823,2.19
000735.SZ,20180823,5.818
000736.SZ,20180823,1.8545
000737.SZ,20180823,3.6357
000738.SZ,20180823,1.7885
000739.SZ,20180823,12.0356
000750.SZ,20180823,11.3822
000751.SZ,20180823,3.3715
000752.SZ,20180823,4.7711
000753.SZ,20180823,10.6449
000755.SZ,20180823,2.5666
000756.SZ,20180823,1.949
000757.SZ,20180823,4.0244
000758.SZ,20180823,16.8224
000759.SZ,20180823,6.9096
000760.SZ,20180823,8.186
000761.SZ,20180823,1.8974
000762.SZ,20180823,5.3799
000766.SZ,20180823,3.268
000767.SZ,20180823,10.762
000768.SZ,20180823,8.335
000776.SZ,20180823,5.405
000777.SZ,20180823,6.8932
000778.SZ,20180823,12.2599
000779.SZ,20180823,2.2783
000780.SZ,20180823,4.6317
000782.SZ,20180823,3.3683
000783.SZ,20180823,5.3885
000785.SZ,20180823,6.3592
000786.SZ,20180823,10.3136
000788.SZ,20180823,3.743
000789.SZ,20180823,4.0435
000790.SZ,20180823,11.0514
000791.SZ,20180823,2.5134
000792.SZ,20180823,7.3685
000793.SZ,20180823,12.7688
000795.SZ,20180823,4.2841
000796.SZ,20180823,4.0258
000797.SZ,20180823,5.3821
000798.SZ,20180823,2.3023
000799.SZ,20180823,2.0077
000800.SZ,20180823,2.3785
000801.SZ,20180823,14.4106
000802.SZ,20180823,3.3088
000803.SZ,20180823,3.0045
000806.SZ,20180823,8.5023
000807.SZ,20180823,6.8026
000809.SZ,20180823,2.8957
000810.SZ,20180823,5.2331
000811.SZ,20180823,15.0685
000812.SZ,20180823,7.3634
000813.SZ,20180823,3.7746
000815.SZ,20180823,3.4463
000816.SZ,20180823,7.269
000818.SZ,20180823,2.0362
000819.SZ,20180823,7.5542
000820.SZ,20180823,1.9253
000821.SZ,20180823,2.4619
000822.SZ,20180823,2.2602
000823.SZ,20180823,2.8106
000825.SZ,20180823,6.8965
000826.SZ,20180823,8.2993
000828.SZ,20180823,3.4354
000829.SZ,20180823,14.8359
000830.SZ,20180823,6.1287
000831.SZ,20180823,3.9871
000833.SZ,20180823,1.6502
000835.SZ,20180823,7.4622
000836.SZ,20180823,8.0293
000837.SZ,20180823,4.035
000838.SZ,20180823,12.3602
000839.SZ,20180823,22.3597
000848.SZ,20180823,21.4212
000850.SZ,20180823,7.9624
000851.SZ,20180823,2.3917
000852.SZ,20180823,4.212
000856.SZ,20180823,1.8779
000858.SZ,20180823,17.0252
000859.SZ,20180823,3.6616
000860.SZ,20180823,2.2965
000861.SZ,20180823,18.501
000862.SZ,20180823,2.6983
000863.SZ,20180823,5.5887
000868.SZ,20180823,6.7304
000869.SZ,20180823,4.4704
000875.SZ,20180823,1.4061
000876.SZ,20180823,18.0403
000877.SZ,20180823,6.2485
000878.SZ,20180823,2.7924
000880.SZ,20180823,3.2164
000881.SZ,20180823,4.9167
000882.SZ,20180823,2.945
000883.SZ,20180823,5.1142
000885.SZ,20180823,1.791
000886.SZ,20180823,2.9536
000887.SZ,20180823,6.802
000888.SZ,20180823,6.0959
000889.SZ,20180823,3.5942
000890.SZ,20180823,3.6025
000892.SZ,20180823,2.486
000893.SZ,20180823,2.0347
000895.SZ,20180823,19.6005
000897.SZ,20180823,5.9445
000898.SZ,20180823,2.1721
000899.SZ,20180823,3.3884
000900.SZ,20180823,12.0366
000901.SZ,20180823,5.418
000902.SZ,20180823,3.4332
000903.SZ,20180823,11.6481
000905.SZ,20180823,2.6039
000906.SZ,20180823,4.3656
000908.SZ,20180823,2.8296
000909.SZ,20180823,2.1243
000910.SZ,20180823,2.4091
000911.SZ,20180823,1.8891
000912.SZ,20180823,2.3006
000913.SZ,20180823,2.6161
000915.SZ,20180823,3.1411
000917.SZ,20180823,7.8657
000918.SZ,20180823,2.4657
000919.SZ,20180823,3.518
000920.SZ,20180823,3.0208
000921.SZ,20180823,1.2861
000922.SZ,20180823,2.2354
000923.SZ,20180823,1.6433
000925.SZ,20180823,3.0069
000926.SZ,20180823,3.3594
000927.SZ,20180823,1.5882
000928.SZ,20180823,2.0526
000929.SZ,20180823,2.4981
000930.SZ,20180823,5.6819
000931.SZ,20180823,1.5405
000932.SZ,20180823,1.4452
000933.SZ,20180823,12.1099
000935.SZ,20180823,3.0598
000936.SZ,20180823,6.4665
000937.SZ,20180823,7.3205
000938.SZ,20180823,3.5498
000939.SZ,20180823,18.9436
000948.SZ,20180823,1.9248
000949.SZ,20180823,4.7226
000950.SZ,20180823,2.339
000951.SZ,20180823,3.1139
000952.SZ,20180823,2.0966
000953.SZ,20180823,2.6075
000955.SZ,20180823,2.4605
000957.SZ,20180823,5.1132
000958.SZ,20180823,4.4209
000959.SZ,20180823,2.2415
000960.SZ,20180823,3.384
000961.SZ,20180823,5.4229
000962.SZ,20180823,3.3617
000963.SZ,20180823,10.2223
000965.SZ,20180823,2.7627
000966.SZ,20180823,3.7346
000967.SZ,20180823,4.9862
000968.SZ,20180823,1.8603
000969.SZ,20180823,6.7425
000970.SZ,20180823,15.8669
000971.SZ,20180823,3.7892
000972.SZ,20180823,3.2657
000973.SZ,20180823,3.8181
000975.SZ,20180823,6.8363
000976.SZ,20180823,3.6733
000977.SZ,20180823,6.0425
000978.SZ,20180823,3.0747
000979.SZ,20180823,14.8278
000980.SZ,20180823,2.0778
000981.SZ,20180823,5.2811
000982.SZ,20180823,16.8414
000983.SZ,20180823,6.2292
000985.SZ,20180823,1.6435
000987.SZ,20180823,4.0541
000988.SZ,20180823,9.9755
000989.SZ,20180823,4.2028
000990.SZ,20180823,3.058
000993.SZ,20180823,1.8198
000995.SZ,20180823,1.6856
000996.SZ,20180823,4.0587
000997.SZ,20180823,10.6996
000998.SZ,20180823,10.8142
000999.SZ,20180823,1.975
001696.SZ,20180823,22.6271
001872.SZ,20180823,4.1885
001896.SZ,20180823,1.3871
001914.SZ,20180823,8.1022
001965.SZ,20180823,1.0259
001979.SZ,20180823,1.0715
002001.SZ,20180823,26.8136
002002.SZ,20180823,10.5843
002003.SZ,20180823,14.2962
002004.SZ,20180823,18.276
002005.SZ,20180823,10.0368
002006.SZ,20180823,7.7331
002007.SZ,20180823,20.8257
002008.SZ,20180823,12.6841
002009.SZ,20180823,5.3055
002010.SZ,20180823,8.2596
002011.SZ,20180823,6.1998
002012.SZ,20180823,5.1949
002013.SZ,20180823,28.9417
002014.SZ,20180823,8.2005
002015.SZ,20180823,5.7916
002016.SZ,20180823,6.173
002017.SZ,20180823,5.2424
002018.SZ,20180823,16.4661
002019.SZ,20180823,14.1234
002020.SZ,20180823,9.0433
002021.SZ,20180823,9.2019
002022.SZ,20180823,12.078
002023.SZ,20180823,10.217
002024.SZ,20180823,86.6673
002025.SZ,20180823,6.4611
002026.SZ,20180823,3.5599
002027.SZ,20180823,12.5509
002028.SZ,20180823,19.4528
002029.SZ,20180823,9.5543
002030.SZ,20180823,13.2393
002031.SZ,20180823,14.8611
002032.SZ,20180823,8.0369
002033.SZ,20180823,5.216
002034.SZ,20180823,3.3323
002035.SZ,20180823,15.3291
002036.SZ,20180823,4.1633
002037.SZ,20180823,4.049
002038.SZ,20180823,13.9858
002039.SZ,20180823,2.3851
002040.SZ,20180823,2.2877
002041.SZ,20180823,13.4952
002042.SZ,20180823,6.5215
002043.SZ,20180823,6.7671
002044.SZ,20180823,8.0656
002045.SZ,20180823,5.6437
002046.SZ,20180823,4.9216
002047.SZ,20180823,3.2357
002048.SZ,20180823,6.2924
002049.SZ,20180823,4.4033
002050.SZ,20180823,8.2885
002051.SZ,20180823,5.1393
002052.SZ,20180823,6.8184
002053.SZ,20180823,2.1327
002054.SZ,20180823,3.3179
002055.SZ,20180823,5.9497
002056.SZ,20180823,8.4697
002057.SZ,20180823,3.6798
002058.SZ,20180823,2.384
002059.SZ,20180823,2.0848
002060.SZ,20180823,3.776
002061.SZ,20180823,2.1426
002062.SZ,20180823,9.421
002063.SZ,20180823,7.7479
002064.SZ,20180823,10.9957
002065.SZ,20180823,30.2796
002066.SZ,20180823,3.1617
002067.SZ,20180823,2.712
002068.SZ,20180823,5.4165
002069.SZ,20180823,6.6634
002070.SZ,20180823,4.68
002071.SZ,20180823,1.5365
002072.SZ,20180823,1.1068
002073.SZ,20180823,9.2187
002074.SZ,20180823,4.4733
002075.SZ,20180823,2.8033
002076.SZ,20180823,5.7638
002077.SZ,20180823,1.4698
002078.SZ,20180823,8.3093
002079.SZ,20180823,4.8766
002080.SZ,20180823,3.5683
002081.SZ,20180823,28.0462
002082.SZ,20180823,2.8383
002083.SZ,20180823,2.4
002084.SZ,20180823,2.5144
002085.SZ,20180823,7.2844
002086.SZ,20180823,4.1271
002087.SZ,20180823,2.2968
002088.SZ,20180823,3.4837
002089.SZ,20180823,15.9683
002090.SZ,20180823,3.3429
002091.SZ,20180823,6.4228
002092.SZ,20180823,3.301
002093.SZ,20180823,12.1312
002094.SZ,20180823,5.3045
002095.SZ,20180823,4.3974
002096.SZ,20180823,4.912
002097.SZ,20180823,4.6909
002098.SZ,20180823,2.3291
002099.SZ,20180823,6.6154
002100.SZ,20180823,11.1984
002101.SZ,20180823,3.8087
002102.SZ,20180823,9.2117
002103.SZ,20180823,2.3737
002104.SZ,20180823,6.535
002105.SZ,20180823,1.5627
002106.SZ,20180823,3.4733
002107.SZ,20180823,4.5539
002108.SZ,20180823,16.101
002109.SZ,20180823,3.6807
002110.SZ,20180823,1.1695
002111.SZ,20180823,3.302
002112.SZ,20180823,2.578
002113.SZ,20180823,10.8914
002114.SZ,20180823,1.8196
002115.SZ,20180823,4.7341
002116.SZ,20180823,4.2708
002117.SZ,20180823,3.4848
002118.SZ,20180823,12.4299
002119.SZ,20180823,2.882
002120.SZ,20180823,3.6569
002121.SZ,20180823,15.516
002122.SZ,20180823,8.4723
002123.SZ,20180823,7.3381
002124.SZ,20180823,11.1877
002125.SZ,20180823,2.5646
002126.SZ,20180823,5.4481
002127.SZ,20180823,9.9784
002128.SZ,20180823,2.557
002129.SZ,20180823,4.2063
002130.SZ,20180823,20.311
002131.SZ,20180823,43.6485
002132.SZ,20180823,5.6418
002133.SZ,20180823,2.8527
002134.SZ,20180823,1.2511
002135.SZ,20180823,3.1003
002136.SZ,20180823,2.0339
002137.SZ,20180823,3.3007
002138.SZ,20180823,6.4927
002139.SZ,20180823,16.2908
002140.SZ,20180823,7.0191
002141.SZ,20180823,8.0588
002142.SZ,20180823,2.0209
002143.SZ,20180823,3.1974
002144.SZ,20180823,1.0965
002145.SZ,20180823,3.0128
002146.SZ,20180823,10.1512
002147.SZ,20180823,3.4401
002148.SZ,20180823,10.4186
002149.SZ,20180823,3.0894
002150.SZ,20180823,4.2022
002151.SZ,20180823,5.7985
002152.SZ,20180823,15.9407
002153.SZ,20180823,17.2754
002154.SZ,20180823,11.346
002155.SZ,20180823,2.6672
002156.SZ,20180823,2.7826
002157.SZ,20180823,15.2965
002158.SZ,20180823,3.8173
002159.SZ,20180823,1.5219
002160.SZ,20180823,2.1102
002161.SZ,20180823,10.7035
002162.SZ,20180823,2.2064
002163.SZ,20180823,4.6642
002164.SZ,20180823,3.1544
002165.SZ,20180823,7.4165
002166.SZ,20180823,6.0773
002167.SZ,20180823,7.8592
002168.SZ,20180823,14.9751
002169.SZ,20180823,7.512
002170.SZ,20180823,8.0531
002171.SZ,20180823,5.0022
002172.SZ,20180823,3.0124
002173.SZ,20180823,3.0434
002174.SZ,20180823,3.083
002175.SZ,20180823,6.4665
002176.SZ,20180823,12.957
002177.SZ,20180823,8.8272
002178.SZ,20180823,6.5384
002179.SZ,20180823,5.9451
002180.SZ,20180823,4.7704
002181.SZ,20180823,2.1593
002182.SZ,20180823,3.2011
002183.SZ,20180823,14.832
002184.SZ,20180823,2.1501
002185.SZ,20180823,9.2742
002186.SZ,20180823,2.3267
002187.SZ,20180823,2.2388
002188.SZ,20180823,1.978
002189.SZ,20180823,1.0202
002190.SZ,20180823,2.6288
002191.SZ,20180823,6.0255
002192.SZ,20180823,3.0472
002193.SZ,20180823,2.0553
002194.SZ,20180823,3.0258
002195.SZ,20180823,22.6654
002196.SZ,20180823,2.7974
002197.SZ,20180823,4.0901
002198.SZ,20180823,5.0818
002199.SZ,20180823,2.6322
002200.SZ,20180823,1.8149
002201.SZ,20180823,3.7569
002202.SZ,20180823,6.8642
002203.SZ,20180823,3.6836
002204.SZ,20180823,4.7324
002205.SZ,20180823,1.3093
002206.SZ,20180823,9.504
002207.SZ,20180823,2.053
002208.SZ,20180823,3.306
002209.SZ,20180823,1.5527
002210.SZ,20180823,10.352
002211.SZ,20180823,1.5237
002212.SZ,20180823,3.2565
002213.SZ,20180823,2.0982
002214.SZ,20180823,4.1734
002215.SZ,20180823,7.729
002216.SZ,20180823,8.3117
002217.SZ,20180823,5.6523
002218.SZ,20180823,5.5449
002219.SZ,20180823,16.2335
002220.SZ,20180823,8.2822
002221.SZ,20180823,4.1056
002222.SZ,20180823,2.5809
002223.SZ,20180823,8.8171
002224.SZ,20180823,6.9298
002225.SZ,20180823,1.8053
002226.SZ,20180823,8.9772
002227.SZ,20180823,2.0707
002228.SZ,20180823,9.3359
002229.SZ,20180823,5.1659
002230.SZ,20180823,13.3912
002231.SZ,20180823,3.0945
002232.SZ,20180823,3.1173
002233.SZ,20180823,2.3635
002234.SZ,20180823,2.0794
002235.SZ,20180823,4.5744
002236.SZ,20180823,42.0523
002237.SZ,20180823,8.2331
002238.SZ,20180823,2.1027
002239.SZ,20180823,9.0797
002240.SZ,20180823,1.6167
002241.SZ,20180823,22.6157
002242.SZ,20180823,4.3379
002243.SZ,20180823,1.696
002244.SZ,20180823,5.6888
002245.SZ,20180823,13.7077
002246.SZ,20180823,1.5838
002247.SZ,20180823,6.4251
002248.SZ,20180823,2.0282
002249.SZ,20180823,11.9151
002250.SZ,20180823,5.9981
002251.SZ,20180823,4.7215
002252.SZ,20180823,24.1031
002253.SZ,20180823,3.7599
002254.SZ,20180823,5.655
002255.SZ,20180823,4.1571
002256.SZ,20180823,15.2259
002258.SZ,20180823,3.6043
002259.SZ,20180823,2.5849
002260.SZ,20180823,2.3099
002261.SZ,20180823,10.1382
002262.SZ,20180823,8.3939
002263.SZ,20180823,4.5245
002264.SZ,20180823,4.7252
002265.SZ,20180823,1.0026
002266.SZ,20180823,10.9331
002267.SZ,20180823,2.3968
002268.SZ,20180823,8.494
002269.SZ,20180823,4.4873
002270.SZ,20180823,2.0868
002271.SZ,20180823,21.8004
002272.SZ,20180823,3.4148
002273.SZ,20180823,10.5736
002274.SZ,20180823,2.0868
002275.SZ,20180823,1.6135
002276.SZ,20180823,3.7526
002277.SZ,20180823,6.2135
002278.SZ,20180823,2.1371
002279.SZ,20180823,9.9944
002280.SZ,20180823,13.5095
002281.SZ,20180823,3.2233
002282.SZ,20180823,2.094
002283.SZ,20180823,4.1236
002284.SZ,20180823,6.4763
002285.SZ,20180823,14.5227
002286.SZ,20180823,3.5286
002287.SZ,20180823,1.129
002288.SZ,20180823,7.4549
002289.SZ,20180823,1.5244
002290.SZ,20180823,2.6571
002291.SZ,20180823,1.7255
002292.SZ,20180823,7.9124
002293.SZ,20180823,5.7921
002294.SZ,20180823,10.6126
002295.SZ,20180823,1.5577
002296.SZ,20180823,5.0967
002297.SZ,20180823,3.0148
002298.SZ,20180823,3.0956
002299.SZ,20180823,2.1502
002300.SZ,20180823,5.2449
002301.SZ,20180823,4.6335
002302.SZ,20180823,4.0652
002303.SZ,20180823,8.3559
002304.SZ,20180823,3.9969
002305.SZ,20180823,3.2923
002306.SZ,20180823,4.1741
002307.SZ,20180823,4.1931
002308.SZ,20180823,4.3338
002309.SZ,20180823,3.7722
002310.SZ,20180823,45.743
002311.SZ,20180823,6.8159
002312.SZ,20180823,18.2071
002313.SZ,20180823,2.6833
002314.SZ,20180823,2.2658
002315.SZ,20180823,2.3529
002316.SZ,20180823,3.3322
002317.SZ,20180823,10.1652
002318.SZ,20180823,5.2213
002319.SZ,20180823,2.0512
002320.SZ,20180823,3.8423
002321.SZ,20180823,2.0607
002322.SZ,20180823,4.3099
002323.SZ,20180823,4.2979
002324.SZ,20180823,3.175
002325.SZ,20180823,8.7528
002326.SZ,20180823,5.225
002327.SZ,20180823,8.8977
002328.SZ,20180823,1.6036
002329.SZ,20180823,5.8641
002330.SZ,20180823,2.0483
002331.SZ,20180823,5.3472
002332.SZ,20180823,2.5147
002333.SZ,20180823,3.5622
002334.SZ,20180823,11.7918
002335.SZ,20180823,3.1162
002336.SZ,20180823,1.081
002337.SZ,20180823,5.2003
002338.SZ,20180823,3.2277
002339.SZ,20180823,4.1624
002340.SZ,20180823,23.552
002341.SZ,20180823,8.2724
002342.SZ,20180823,2.4812
002343.SZ,20180823,3.2014
002344.SZ,20180823,4.3491
002345.SZ,20180823,6.6068
002346.SZ,20180823,2.1057
002347.SZ,20180823,3.7551
002348.SZ,20180823,6.8669
002349.SZ,20180823,7.7675
002350.SZ,20180823,4.2563
002351.SZ,20180823,4.5616
002352.SZ,20180823,3.436
002353.SZ,20180823,8.1005
002354.SZ,20180823,2.8737
002355.SZ,20180823,2.0865
002356.SZ,20180823,5.5131
002357.SZ,20180823,4.2591
002358.SZ,20180823,8.4167
002359.SZ,20180823,5.171
002360.SZ,20180823,6.5262
002361.SZ,20180823,8.5332
002362.SZ,20180823,2.0
002363.SZ,20180823,2.4024
002364.SZ,20180823,6.339
002365.SZ,20180823,3.2425
002366.SZ,20180823,2.2931
002367.SZ,20180823,6.1838
002368.SZ,20180823,3.8196
002369.SZ,20180823,4.2936
002370.SZ,20180823,3.5175
002371.SZ,20180823,4.7422
002372.SZ,20180823,6.2773
002373.SZ,20180823,4.0674
002374.SZ,20180823,6.6311
002375.SZ,20180823,6.0624
002376.SZ,20180823,4.3695
002377.SZ,20180823,4.1745
002378.SZ,20180823,2.0845
002379.SZ,20180823,8.0169
002380.SZ,20180823,3.1772
002381.SZ,20180823,5.0141
002382.SZ,20180823,6.4446
002383.SZ,20180823,4.798
002384.SZ,20180823,4.8438
002385.SZ,20180823,9.6725
002386.SZ,20180823,1.7415
002387.SZ,20180823,3.5575
002388.SZ,20180823,3.7386
002389.SZ,20180823,6.1377
002390.SZ,20180823,10.2793
002391.SZ,20180823,3.5863
002392.SZ,20180823,8.2966
002393.SZ,20180823,1.1401
002394.SZ,20180823,3.9554
002395.SZ,20180823,2.1312
002396.SZ,20180823,3.2133
002397.SZ,20180823,11.9873
002398.SZ,20180823,6.0563
002399.SZ,20180823,3.6718
002400.SZ,20180823,18.3749
002401.SZ,20180823,5.8266
002402.SZ,20180823,11.9836
002403.SZ,20180823,1.423
002404.SZ,20180823,4.6578
002405.SZ,20180823,2.6647
002406.SZ,20180823,3.5106
002407.SZ,20180823,5.4279
002408.SZ,20180823,6.0226
002409.SZ,20180823,3.1289
002410.SZ,20180823,12.5224
002411.SZ,20180823,4.1657
002412.SZ,20180823,4.2788
002413.SZ,20180823,4.9639
002414.SZ,20180823,2.1094
002415.SZ,20180823,20.022
002416.SZ,20180823,2.5994
002417.SZ,20180823,2.2926
002418.SZ,20180823,4.9972
002419.SZ,20180823,3.7102
002420.SZ,20180823,1.0185
002421.SZ,20180823,17.8096
002422.SZ,20180823,6.3097
002423.SZ,20180823,1.0178
002424.SZ,20180823,10.4604
002425.SZ,20180823,4.3586
002426.SZ,20180823,5.2666
002427.SZ,20180823,1.8642
002428.SZ,20180823,5.2885
002429.SZ,20180823,8.9575
002430.SZ,20180823,2.1359
002431.SZ,20180823,9.8444
002432.SZ,20180823,3.0629
002433.SZ,20180823,4.1347
002434.SZ,20180823,6.5199
002435.SZ,20180823,2.7868
002436.SZ,20180823,12.8659
002437.SZ,20180823,15.8089
002438.SZ,20180823,4.0984
002439.SZ,20180823,8.1946
002440.SZ,20180823,4.6306
002441.SZ,20180823,4.4331
002442.SZ,20180823,2.5066
002443.SZ,20180823,3.4328
002444.SZ,20180823,4.3065
002445.SZ,20180823,7.2115
002446.SZ,20180823,4.9543
002447.SZ,20180823,18.4032
002448.SZ,20180823,5.4325
002449.SZ,20180823,2.8793
002450.SZ,20180823,14.6171
002451.SZ,20180823,3.0617
002452.SZ,20180823,5.5192
002453.SZ,20180823,4.132
002454.SZ,20180823,2.7997
002455.SZ,20180823,5.9069
002456.SZ,20180823,20.4101
002457.SZ,20180823,2.4946
002458.SZ,20180823,2.7056
002459.SZ,20180823,1.3241
002460.SZ,20180823,9.3978
002461.SZ,20180823,2.0498
002462.SZ,20180823,1.6047
002463.SZ,20180823,2.7224
002464.SZ,20180823,2.3744
002465.SZ,20180823,6.5966
002466.SZ,20180823,6.4777
002467.SZ,20180823,6.4469
002468.SZ,20180823,2.1836
002469.SZ,20180823,7.9103
002470.SZ,20180823,4.2692
002471.SZ,20180823,6.9006
002472.SZ,20180823,5.0413
002473.SZ,20180823,2.0769
002474.SZ,20180823,6.246
002475.SZ,20180823,19.8713
002476.SZ,20180823,5.2362
002477.SZ,20180823,20.4366
002478.SZ,20180823,2.3867
002479.SZ,20180823,3.7493
002480.SZ,20180823,4.1044
002481.SZ,20180823,18.3877
002482.SZ,20180823,8.403
002483.SZ,20180823,3.0712
002484.SZ,20180823,4.5994
002485.SZ,20180823,2.9493
002486.SZ,20180823,4.1833
002487.SZ,20180823,4.5782
002488.SZ,20180823,4.0515
002489.SZ,20180823,10.9375
002490.SZ,20180823,2.0442
002491.SZ,20180823,4.1758
002492.SZ,20180823,3.1559
002493.SZ,20180823,9.7492
002494.SZ,20180823,2.6966
002495.SZ,20180823,9.6734
002496.SZ,20180823,14.2618
002497.SZ,20180823,6.5762
002498.SZ,20180823,7.761
002499.SZ,20180823,2.5748
002500.SZ,20180823,1.0831
002501.SZ,20180823,7.5363
002502.SZ,20180823,6.6601
002503.SZ,20180823,37.9565
002504.SZ,20180823,3.3954
002505.SZ,20180823,15.1852
002506.SZ,20180823,5.0971
002507.SZ,20180823,5.42
002508.SZ,20180823,6.4286
002509.SZ,20180823,14.4883
002510.SZ,20180823,4.3065
002511.SZ,20180823,8.0126
002512.SZ,20180823,6.9289
002513.SZ,20180823,2.9813
002514.SZ,20180823,6.6609
002515.SZ,20180823,10.8876
002516.SZ,20180823,6.8768
002517.SZ,20180823,6.234
002518.SZ,20180823,5.3261
002519.SZ,20180823,11.5133
002520.SZ,20180823,8.639
002521.SZ,20180823,3.2838
002522.SZ,20180823,8.2231
002523.SZ,20180823,7.2281
002524.SZ,20180823,4.586
002526.SZ,20180823,3.4977
002527.SZ,20180823,2.7328
002528.SZ,20180823,6.444
002529.SZ,20180823,1.299
002530.SZ,20180823,3.3462
002531.SZ,20180823,7.8146
002532.SZ,20180823,6.8037
002533.SZ,20180823,4.2826
002534.SZ,20180823,2.0163
002535.SZ,20180823,3.5294
002536.SZ,20180823,3.2645
002537.SZ,20180823,6.8393
002538.SZ,20180823,4.3428
002539.SZ,20180823,5.6307
002540.SZ,20180823,7.0683
002541.SZ,20180823,3.1133
002542.SZ,20180823,18.5084
002543.SZ,20180823,3.4192
002544.SZ,20180823,6.2772
002545.SZ,20180823,5.0183
002546.SZ,20180823,9.5276
002547.SZ,20180823,6.1204
002548.SZ,20180823,3.7281
002549.SZ,20180823,8.0858
002550.SZ,20180823,8.7988
002551.SZ,20180823,8.2274
002552.SZ,20180823,3.1346
002553.SZ,20180823,4.3696
002554.SZ,20180823,7.0805
002555.SZ,20180823,11.4551
002556.SZ,20180823,5.231
002557.SZ,20180823,3.1155
002558.SZ,20180823,4.1092
002559.SZ,20180823,4.4728
002560.SZ,20180823,4.1286
002561.SZ,20180823,1.2621
002562.SZ,20180823,6.5996
002563.SZ,20180823,4.9032
002564.SZ,20180823,3.2452
002565.SZ,20180823,5.5904
002566.SZ,20180823,3.0635
002567.SZ,20180823,5.007
002568.SZ,20180823,4.2892
002569.SZ,20180823,1.5581
002570.SZ,20180823,2.5789
002571.SZ,20180823,4.0223
002572.SZ,20180823,17.5542
002573.SZ,20180823,7.5471
002574.SZ,20180823,2.3037
002575.SZ,20180823,4.4846
002576.SZ,20180823,1.3438
002577.SZ,20180823,2.343
002578.SZ,20180823,5.1518
002579.SZ,20180823,3.7671
002580.SZ,20180823,4.1328
002581.SZ,20180823,2.8868
002582.SZ,20180823,4.1278
002583.SZ,20180823,5.6006
002584.SZ,20180823,2.6795
002585.SZ,20180823,3.5541
002586.SZ,20180823,5.9474
002587.SZ,20180823,7.154
002588.SZ,20180823,9.3868
002589.SZ,20180823,9.3713
002590.SZ,20180823,4.5241
002591.SZ,20180823,3.4648
002592.SZ,20180823,2.572
002593.SZ,20180823,3.2107
002594.SZ,20180823,1.0156
002595.SZ,20180823,4.5347
002596.SZ,20180823,4.9516
002597.SZ,20180823,4.6937
002598.SZ,20180823,2.2509
002599.SZ,20180823,2.0603
002600.SZ,20180823,4.1832
002601.SZ,20180823,7.9469
002602.SZ,20180823,3.1393
002603.SZ,20180823,2.6851
002604.SZ,20180823,2.7359
002605.SZ,20180823,4.3167
002606.SZ,20180823,4.1635
002607.SZ,20180823,7.6212
002608.SZ,20180823,2.6045
002609.SZ,20180823,5.0862
002610.SZ,20180823,12.5054
002611.SZ,20180823,6.9459
002612.SZ,20180823,2.2537
002613.SZ,20180823,3.6517
002614.SZ,20180823,4.7117
002615.SZ,20180823,5.0137
002616.SZ,20180823,4.2452
002617.SZ,20180823,7.8213
002618.SZ,20180823,3.02
002619.SZ,20180823,6.1414
002620.SZ,20180823,3.9498
002621.SZ,20180823,3.4463
002622.SZ,20180823,5.8122
002623.SZ,20180823,1.0208
002624.SZ,20180823,2.0574
002625.SZ,20180823,6.6371
002626.SZ,20180823,7.0978
002627.SZ,20180823,1.857
002628.SZ,20180823,3.801
002629.SZ,20180823,3.7275
002630.SZ,20180823,5.9054
002631.SZ,20180823,4.1723
002632.SZ,20180823,5.3963
002633.SZ,20180823,1.5231
002634.SZ,20180823,6.9601
002635.SZ,20180823,4.7109
002636.SZ,20180823,2.6228
002637.SZ,20180823,4.305
002638.SZ,20180823,5.0475
002639.SZ,20180823,3.0838
002640.SZ,20180823,12.2048
002641.SZ,20180823,5.9318
002642.SZ,20180823,4.6314
002643.SZ,20180823,5.4897
002644.SZ,20180823,5.5458
002645.SZ,20180823,4.0817
002646.SZ,20180823,1.0737
002647.SZ,20180823,3.3976
002648.SZ,20180823,4.2794
002649.SZ,20180823,4.7473
002650.SZ,20180823,7.9961
002651.SZ,20180823,2.9693
002652.SZ,20180823,5.0355
002653.SZ,20180823,3.1192
002654.SZ,20180823,6.2223
002655.SZ,20180823,3.0418
002656.SZ,20180823,5.2989
002657.SZ,20180823,3.6374
002658.SZ,20180823,4.5559
002659.SZ,20180823,2.0292
002660.SZ,20180823,2.648
002661.SZ,20180823,3.3086
002662.SZ,20180823,4.707
002663.SZ,20180823,8.1633
002664.SZ,20180823,3.0808
002665.SZ,20180823,13.8003
002666.SZ,20180823,4.3362
002667.SZ,20180823,3.4597
002668.SZ,20180823,4.9403
002669.SZ,20180823,2.0908
002670.SZ,20180823,2.3332
002671.SZ,20180823,4.073
002672.SZ,20180823,5.9173
002673.SZ,20180823,2.4765
002674.SZ,20180823,1.1148
002675.SZ,20180823,4.9387
002676.SZ,20180823,4.6811
002677.SZ,20180823,3.6297
002678.SZ,20180823,2.7094
002679.SZ,20180823,1.7746
002680.SZ,20180823,3.6069
002681.SZ,20180823,10.6233
002682.SZ,20180823,2.523
002683.SZ,20180823,2.6409
002684.SZ,20180823,6.6454
002685.SZ,20180823,2.8456
002686.SZ,20180823,4.6697
002687.SZ,20180823,4.0453
002688.SZ,20180823,5.3388
002689.SZ,20180823,3.7532
002690.SZ,20180823,3.631
002691.SZ,20180823,1.7173
002692.SZ,20180823,4.1553
002693.SZ,20180823,3.5029
002694.SZ,20180823,4.0968
002695.SZ,20180823,4.1469
002696.SZ,20180823,3.6046
002697.SZ,20180823,7.0808
002698.SZ,20180823,1.7546
002699.SZ,20180823,8.2719
002700.SZ,20180823,5.8654
002701.SZ,20180823,8.6241
002702.SZ,20180823,6.9245
002703.SZ,20180823,2.5464
002705.SZ,20180823,1.8448
002706.SZ,20180823,8.4558
002707.SZ,20180823,12.113
002708.SZ,20180823,3.14
002709.SZ,20180823,2.5465
002711.SZ,20180823,7.1866
002712.SZ,20180823,3.0589
002713.SZ,20180823,2.2383
002714.SZ,20180823,7.5829
002715.SZ,20180823,1.0031
002716.SZ,20180823,3.8161
002717.SZ,20180823,8.8616
002718.SZ,20180823,1.6643
002719.SZ,20180823,1.6192
002721.SZ,20180823,3.0457
002722.SZ,20180823,1.0158
002723.SZ,20180823,2.0389
002724.SZ,20180823,1.8415
002725.SZ,20180823,2.6539
002726.SZ,20180823,3.4812
002727.SZ,20180823,2.0779
002728.SZ,20180823,2.0745
002729.SZ,20180823,1.009
002730.SZ,20180823,2.2228
002731.SZ,20180823,1.0114
002732.SZ,20180823,1.0471
002733.SZ,20180823,2.3038
002734.SZ,20180823,2.3294
002735.SZ,20180823,1.0094
002736.SZ,20180823,1.0743
002737.SZ,20180823,4.184
002738.SZ,20180823,1.5212
002739.SZ,20180823,3.0401
002740.SZ,20180823,3.0261
002741.SZ,20180823,3.0378
002742.SZ,20180823,4.5967
002743.SZ,20180823,2.0235
002745.SZ,20180823,2.0404
002746.SZ,20180823,1.7426
002747.SZ,20180823,6.1121
002748.SZ,20180823,2.0749
002749.SZ,20180823,1.8614
002750.SZ,20180823,6.1547
002751.SZ,20180823,2.0092
002752.SZ,20180823,1.9754
002753.SZ,20180823,3.4284
002755.SZ,20180823,1.7079
002756.SZ,20180823,1.9013
002757.SZ,20180823,1.0143
002758.SZ,20180823,3.8101
002759.SZ,20180823,2.5295
002760.SZ,20180823,1.0043
002761.SZ,20180823,1.7044
002762.SZ,20180823,5.3067
002763.SZ,20180823,1.8855
002765.SZ,20180823,2.0418
002766.SZ,20180823,2.0165
002767.SZ,20180823,1.5135
002768.SZ,20180823,3.0346
002769.SZ,20180823,5.0514
002770.SZ,20180823,3.836
002771.SZ,20180823,2.0319
002772.SZ,20180823,2.088
002773.SZ,20180823,1.5168
002774.SZ,20180823,1.008
002775.SZ,20180823,3.5117
002776.SZ,20180823,3.0423
002777.SZ,20180823,2.0423
002778.SZ,20180823,1.0084
002779.SZ,20180823,1.5086
002780.SZ,20180823,1.5037
002781.SZ,20180823,1.0077
002782.SZ,20180823,2.5549
002783.SZ,20180823,4.1162
002785.SZ,20180823,1.0009
002786.SZ,20180823,3.0187
002787.SZ,20180823,2.0813
002788.SZ,20180823,1.5243
002789.SZ,20180823,1.0038
002790.SZ,20180823,1.6669
002791.SZ,20180823,1.5261
002792.SZ,20180823,1.5184
002793.SZ,20180823,2.0357
002795.SZ,20180823,2.0427
002796.SZ,20180823,1.0243
002797.SZ,20180823,1.6139
002798.SZ,20180823,1.7229
002799.SZ,20180823,1.5097
002800.SZ,20180823,1.0088
002801.SZ,20180823,2.0413
002802.SZ,20180823,1.0201
002803.SZ,20180823,1.0075
002805.SZ,20180823,1.0047
002806.SZ,20180823,1.7076
002807.SZ,20180823,1.0245
002808.SZ,20180823,1.6134
002809.SZ,20180823,1.52
002810.SZ,20180823,1.2059
002811.SZ,20180823,1.0206
002812.SZ,20180823,2.0368
002813.SZ,20180823,1.0091
002815.SZ,20180823,2.0563
002816.SZ,20180823,1.0037
002817.SZ,20180823,1.0067
002818.SZ,20180823,1.0345
002819.SZ,20180823,1.0044
002820.SZ,20180823,1.6339
002821.SZ,20180823,2.0153
002822.SZ,20180823,2.0328
002823.SZ,20180823,2.0203
002824.SZ,20180823,1.5158
002825.SZ,20180823,1.4151
002826.SZ,20180823,1.0058
002827.SZ,20180823,1.0401
002828.SZ,20180823,1.7134
002829.SZ,20180823,2.0058
002830.SZ,20180823,2.0176
002831.SZ,20180823,1.0197
002832.SZ,20180823,1.7308
002833.SZ,20180823,1.008
002835.SZ,20180823,2.0155
002836.SZ,20180823,2.0324
002837.SZ,20180823,2.48
002838.SZ,20180823,3.0238
002839.SZ,20180823,1.0193
002840.SZ,20180823,1.5091
002841.SZ,20180823,1.62
002842.SZ,20180823,1.7129
002843.SZ,20180823,1.0135
002845.SZ,20180823,2.0096
002846.SZ,20180823,1.6142
002847.SZ,20180823,1.0084
002848.SZ,20180823,1.0019
002849.SZ,20180823,1.5099
002850.SZ,20180823,1.5185
002851.SZ,20180823,1.5057
002852.SZ,20180823,2.9258
002853.SZ,20180823,2.5219
002855.SZ,20180823,1.005
002856.SZ,20180823,1.2055
002857.SZ,20180823,1.6122
002858.SZ,20180823,2.0088
002859.SZ,20180823,2.5209
002860.SZ,20180823,1.5125
002861.SZ,20180823,1.0278
002862.SZ,20180823,1.0025
002863.SZ,20180823,1.7081
002864.SZ,20180823,1.0017
002865.SZ,20180823,1.0099
002866.SZ,20180823,1.7098
002867.SZ,20180823,1.0396
002868.SZ,20180823,1.0204
002869.SZ,20180823,1.0172
002870.SZ,20180823,1.0086
002871.SZ,20180823,1.7102
002872.SZ,20180823,1.5206
002873.SZ,20180823,1.7077
002875.SZ,20180823,1.309
002876.SZ,20180823,1.0063
002877.SZ,20180823,1.7041
002878.SZ,20180823,1.7146
002879.SZ,20180823,1.4063
002880.SZ,20180823,1.0099
002881.SZ,20180823,1.7044
002882.SZ,20180823,1.0076
002883.SZ,20180823,1.6077
002884.SZ,20180823,1.6285
002885.SZ,20180823,1.5026
002886.SZ,20180823,1.5037
002887.SZ,20180823,2.0197
002888.SZ,20180823,1.5072
002889.SZ,20180823,1.0
002890.SZ,20180823,1.0021
002891.SZ,20180823,1.0032
002892.SZ,20180823,1.0038
002893.SZ,20180823,1.0043
002895.SZ,20180823,1.0057
002896.SZ,20180823,1.0035
002897.SZ,20180823,1.6182
002898.SZ,20180823,1.0038
002899.SZ,20180823,1.0026
002900.SZ,20180823,1.5221
002901.SZ,20180823,1.0106
002902.SZ,20180823,1.0041
002903.SZ,20180823,1.5093
002905.SZ,20180823,1.6298
002906.SZ,20180823,1.0133
002907.SZ,20180823,1.0025
002908.SZ,20180823,1.0052
002909.SZ,20180823,1.4158
002910.SZ,20180823,1.0035
002911.SZ,20180823,1.0117
002912.SZ,20180823,1.6095
002913.SZ,20180823,1.0076
002915.SZ,20180823,1.0043
002916.SZ,20180823,1.0069
002917.SZ,20180823,1.006
002918.SZ,20180823,1.5066
002919.SZ,20180823,1.0059
002920.SZ,20180823,1.0085
002921.SZ,20180823,1.0061
002922.SZ,20180823,1.0068
002923.SZ,20180823,1.2239
002925.SZ,20180823,1.0115
002926.SZ,20180823,1.0
002927.SZ,20180823,1.305
002928.SZ,20180823,1.0041
002929.SZ,20180823,1.0028
002930.SZ,20180823,1.0
002931.SZ,20180823,1.0
002932.SZ,20180823,1.0
300001.SZ,20180823,6.9124
300002.SZ,20180823,15.3888
300003.SZ,20180823,4.2748
300004.SZ,20180823,4.0751
300005.SZ,20180823,11.9555
300006.SZ,20180823,7.5244
300007.SZ,20180823,4.1171
300008.SZ,20180823,11.4978
300009.SZ,20180823,11.3143
300010.SZ,20180823,5.1868
300011.SZ,20180823,8.4088
300012.SZ,20180823,19.2572
300013.SZ,20180823,3.0638
300014.SZ,20180823,9.3411
300015.SZ,20180823,16.9467
300016.SZ,20180823,4.808
300017.SZ,20180823,23.3431
300018.SZ,20180823,6.6027
300019.SZ,20180823,7.0931
300020.SZ,20180823,6.7959
300021.SZ,20180823,10.1342
300022.SZ,20180823,4.0535
300023.SZ,20180823,3.7682
300024.SZ,20180823,23.7241
300025.SZ,20180823,7.9549
300026.SZ,20180823,47.2877
300027.SZ,20180823,15.1034
300028.SZ,20180823,2.4128
300029.SZ,20180823,1.0235
300030.SZ,20180823,4.0897
300031.SZ,20180823,6.5421
300032.SZ,20180823,4.2307
300033.SZ,20180823,8.586
300034.SZ,20180823,3.6685
300035.SZ,20180823,8.3045
300036.SZ,20180823,5.2793
300037.SZ,20180823,3.4339
300038.SZ,20180823,4.3402
300039.SZ,20180823,11.0466
300040.SZ,20180823,4.2741
300041.SZ,20180823,5.8458
300042.SZ,20180823,2.0848
300043.SZ,20180823,20.768
300044.SZ,20180823,7.6131
300045.SZ,20180823,8.1747
300046.SZ,20180823,4.3111
300047.SZ,20180823,3.2321
300048.SZ,20180823,8.3189
300049.SZ,20180823,3.608
300050.SZ,20180823,8.3369
300051.SZ,20180823,6.2847
300052.SZ,20180823,2.6764
300053.SZ,20180823,5.1135
300054.SZ,20180823,12.7997
300055.SZ,20180823,7.9873
300056.SZ,20180823,5.9711
300057.SZ,20180823,2.1258
300058.SZ,20180823,18.8402
300059.SZ,20180823,32.1816
300061.SZ,20180823,5.3781
300062.SZ,20180823,4.1739
300063.SZ,20180823,7.8606
300064.SZ,20180823,4.1244
300065.SZ,20180823,5.8131
300066.SZ,20180823,20.5149
300067.SZ,20180823,6.0842
300068.SZ,20180823,2.5871
300069.SZ,20180823,2.011
300070.SZ,20180823,18.1218
300071.SZ,20180823,11.13
300072.SZ,20180823,20.2063
300073.SZ,20180823,4.0695
300074.SZ,20180823,13.4414
300075.SZ,20180823,6.9477
300076.SZ,20180823,8.2795
300077.SZ,20180823,5.1494
300078.SZ,20180823,12.6339
300079.SZ,20180823,12.4967
300080.SZ,20180823,2.6371
300081.SZ,20180823,5.0734
300082.SZ,20180823,6.9821
300083.SZ,20180823,8.2297
300084.SZ,20180823,4.4818
300085.SZ,20180823,10.9636
300086.SZ,20180823,4.7806
300087.SZ,20180823,8.1115
300088.SZ,20180823,16.5239
300089.SZ,20180823,3.7942
300090.SZ,20180823,7.2825
300091.SZ,20180823,6.3718
300092.SZ,20180823,2.5553
300093.SZ,20180823,1.8228
300094.SZ,20180823,2.4408
300095.SZ,20180823,4.0446
300096.SZ,20180823,5.1238
300097.SZ,20180823,3.6497
300098.SZ,20180823,15.3562
300099.SZ,20180823,13.8439
300100.SZ,20180823,3.3407
300101.SZ,20180823,8.1488
300102.SZ,20180823,5.3999
300103.SZ,20180823,5.0652
300104.SZ,20180823,35.2084
300105.SZ,20180823,5.9306
300106.SZ,20180823,1.5247
300107.SZ,20180823,8.3217
300108.SZ,20180823,6.1506
300109.SZ,20180823,4.3004
300110.SZ,20180823,5.3599
300111.SZ,20180823,2.2436
300112.SZ,20180823,3.5295
300113.SZ,20180823,11.4544
300114.SZ,20180823,5.878
300115.SZ,20180823,10.0219
300116.SZ,20180823,9.0166
300117.SZ,20180823,6.7448
300118.SZ,20180823,3.3282
300119.SZ,20180823,5.6667
300120.SZ,20180823,3.2706
300121.SZ,20180823,5.5269
300122.SZ,20180823,4.1495
300123.SZ,20180823,3.3571
300124.SZ,20180823,15.96
300125.SZ,20180823,3.0503
300126.SZ,20180823,3.8658
300127.SZ,20180823,2.3024
300128.SZ,20180823,9.961
300129.SZ,20180823,5.7812
300130.SZ,20180823,6.675
300131.SZ,20180823,18.4618
300132.SZ,20180823,5.997
300133.SZ,20180823,25.2986
300134.SZ,20180823,4.3268
300135.SZ,20180823,12.1989
300136.SZ,20180823,13.05
300137.SZ,20180823,4.4061
300138.SZ,20180823,4.8949
300139.SZ,20180823,5.1611
300140.SZ,20180823,4.1859
300141.SZ,20180823,4.6828
300142.SZ,20180823,14.3346
300143.SZ,20180823,4.2508
300144.SZ,20180823,8.3163
300145.SZ,20180823,19.4364
300146.SZ,20180823,27.003
300147.SZ,20180823,5.2019
300148.SZ,20180823,5.8936
300149.SZ,20180823,6.5022
300150.SZ,20180823,4.5746
300151.SZ,20180823,8.0492
300152.SZ,20180823,6.8872
300153.SZ,20180823,4.3181
300154.SZ,20180823,4.6254
300155.SZ,20180823,8.0797
300156.SZ,20180823,9.1921
300157.SZ,20180823,6.1371
300158.SZ,20180823,4.333
300159.SZ,20180823,18.3063
300160.SZ,20180823,6.7469
300161.SZ,20180823,1.5434
300162.SZ,20180823,5.2898
300163.SZ,20180823,6.3521
300164.SZ,20180823,6.0113
300165.SZ,20180823,6.6499
300166.SZ,20180823,18.6022
300167.SZ,20180823,6.9735
300168.SZ,20180823,8.1761
300169.SZ,20180823,3.0837
300170.SZ,20180823,6.5482
300171.SZ,20180823,8.5452
300172.SZ,20180823,5.304
300173.SZ,20180823,5.3271
300174.SZ,20180823,3.7639
300175.SZ,20180823,4.4544
300176.SZ,20180823,2.3986
300177.SZ,20180823,8.1418
300178.SZ,20180823,4.5463
300179.SZ,20180823,6.2705
300180.SZ,20180823,4.6635
300181.SZ,20180823,7.1425
300182.SZ,20180823,30.863
300183.SZ,20180823,4.8347
300184.SZ,20180823,4.7946
300185.SZ,20180823,8.2737
300187.SZ,20180823,9.1394
300188.SZ,20180823,13.0806
300189.SZ,20180823,6.5048
300190.SZ,20180823,10.8561
300191.SZ,20180823,4.0762
300192.SZ,20180823,3.4199
300193.SZ,20180823,2.3815
300194.SZ,20180823,6.273
300195.SZ,20180823,3.1833
300196.SZ,20180823,3.3547
300197.SZ,20180823,31.6013
300198.SZ,20180823,10.195
300199.SZ,20180823,8.3298
300200.SZ,20180823,2.2746
300201.SZ,20180823,10.6227
300202.SZ,20180823,6.7499
300203.SZ,20180823,1.0293
300204.SZ,20180823,7.4999
300205.SZ,20180823,5.5929
300206.SZ,20180823,6.2399
300207.SZ,20180823,6.7647
300208.SZ,20180823,10.2419
300209.SZ,20180823,3.0083
300210.SZ,20180823,5.9769
300211.SZ,20180823,6.3704
300212.SZ,20180823,5.8725
300213.SZ,20180823,6.1888
300214.SZ,20180823,3.2284
300215.SZ,20180823,17.0458
300216.SZ,20180823,5.3522
300217.SZ,20180823,12.8291
300218.SZ,20180823,2.0887
300219.SZ,20180823,5.1055
300220.SZ,20180823,3.6181
300221.SZ,20180823,4.2116
300222.SZ,20180823,6.3499
300223.SZ,20180823,2.6341
300224.SZ,20180823,4.5744
300225.SZ,20180823,7.8745
300226.SZ,20180823,3.9319
300227.SZ,20180823,3.0535
300228.SZ,20180823,6.4544
300229.SZ,20180823,3.4997
300230.SZ,20180823,6.2075
300231.SZ,20180823,9.5398
300232.SZ,20180823,7.9722
300233.SZ,20180823,2.1322
300234.SZ,20180823,3.3642
300235.SZ,20180823,3.6814
300236.SZ,20180823,1.6794
300237.SZ,20180823,17.0307
300238.SZ,20180823,4.0737
300239.SZ,20180823,5.3477
300240.SZ,20180823,3.5433
300241.SZ,20180823,4.0539
300242.SZ,20180823,5.1538
300243.SZ,20180823,3.9223
300244.SZ,20180823,9.4533
300245.SZ,20180823,4.033
300246.SZ,20180823,3.7254
300247.SZ,20180823,6.3045
300248.SZ,20180823,9.9566
300249.SZ,20180823,5.0888
300250.SZ,20180823,4.204
300251.SZ,20180823,25.4854
300252.SZ,20180823,4.9512
300253.SZ,20180823,26.9821
300254.SZ,20180823,1.4918
300255.SZ,20180823,7.8374
300256.SZ,20180823,4.5943
300257.SZ,20180823,6.35
300258.SZ,20180823,4.29
300259.SZ,20180823,14.0093
300260.SZ,20180823,3.0529
300261.SZ,20180823,8.8362
300262.SZ,20180823,8.4355
300263.SZ,20180823,8.2372
300264.SZ,20180823,4.1406
300265.SZ,20180823,2.5792
300266.SZ,20180823,19.1476
300267.SZ,20180823,10.206
300268.SZ,20180823,2.0265
300269.SZ,20180823,4.233
300270.SZ,20180823,6.7006
300271.SZ,20180823,8.4548
300272.SZ,20180823,4.583
300273.SZ,20180823,5.7961
300274.SZ,20180823,6.7043
300275.SZ,20180823,2.8811
300276.SZ,20180823,6.329
300277.SZ,20180823,5.2139
300278.SZ,20180823,4.0571
300279.SZ,20180823,5.7734
300280.SZ,20180823,1.0202
300281.SZ,20180823,6.1729
300282.SZ,20180823,3.0036
300283.SZ,20180823,6.1507
300284.SZ,20180823,3.0091
300285.SZ,20180823,8.178
300286.SZ,20180823,6.4513
300287.SZ,20180823,12.3971
300288.SZ,20180823,6.071
300289.SZ,20180823,2.572
300290.SZ,20180823,4.1311
300291.SZ,20180823,8.1445
300292.SZ,20180823,9.4134
300293.SZ,20180823,4.7445
300294.SZ,20180823,4.7316
300295.SZ,20180823,3.8344
300296.SZ,20180823,18.5338
300297.SZ,20180823,8.9267
300298.SZ,20180823,5.9491
300299.SZ,20180823,8.086
300300.SZ,20180823,6.6483
300301.SZ,20180823,5.5715
300302.SZ,20180823,6.8958
300303.SZ,20180823,15.0445
300304.SZ,20180823,8.1434
300305.SZ,20180823,3.7878
300306.SZ,20180823,4.1915
300307.SZ,20180823,2.1915
300308.SZ,20180823,3.3043
300309.SZ,20180823,4.0562
300310.SZ,20180823,7.7011
300311.SZ,20180823,7.3181
300312.SZ,20180823,3.0319
300313.SZ,20180823,2.0273
300314.SZ,20180823,3.7088
300315.SZ,20180823,12.2456
300316.SZ,20180823,9.069
300317.SZ,20180823,2.767
300318.SZ,20180823,6.4439
300319.SZ,20180823,7.8189
300320.SZ,20180823,8.2871
300321.SZ,20180823,2.0754
300322.SZ,20180823,4.3943
300323.SZ,20180823,3.4411
300324.SZ,20180823,24.8561
300325.SZ,20180823,10.2754
300326.SZ,20180823,11.0414
300327.SZ,20180823,1.9775
300328.SZ,20180823,3.68
300329.SZ,20180823,3.6968
300330.SZ,20180823,2.1672
300331.SZ,20180823,3.0618
300332.SZ,20180823,2.0505
300333.SZ,20180823,3.2937
300334.SZ,20180823,2.2653
300335.SZ,20180823,2.3377
300336.SZ,20180823,6.878
300337.SZ,20180823,4.4411
300338.SZ,20180823,4.3917
300339.SZ,20180823,6.3245
300340.SZ,20180823,3.6392
300341.SZ,20180823,4.1329
300342.SZ,20180823,4.2108
300343.SZ,20180823,7.6609
300344.SZ,20180823,3.3872
300345.SZ,20180823,4.3082
300346.SZ,20180823,5.6637
300347.SZ,20180823,8.2148
300348.SZ,20180823,5.1208
300349.SZ,20180823,5.4934
300350.SZ,20180823,3.645
300351.SZ,20180823,4.4904
300352.SZ,20180823,19.2567
300353.SZ,20180823,6.5244
300354.SZ,20180823,3.195
300355.SZ,20180823,9.95
300356.SZ,20180823,3.8289
300357.SZ,20180823,2.9881
300358.SZ,20180823,5.2186
300359.SZ,20180823,8.3202
300360.SZ,20180823,4.6828
300362.SZ,20180823,3.0018
300363.SZ,20180823,3.7862
300364.SZ,20180823,4.9821
300365.SZ,20180823,7.2823
300366.SZ,20180823,6.0727
300367.SZ,20180823,12.6138
300368.SZ,20180823,8.1119
300369.SZ,20180823,8.1418
300370.SZ,20180823,16.3484
300371.SZ,20180823,2.5647
300373.SZ,20180823,5.103
300374.SZ,20180823,2.1771
300375.SZ,20180823,3.84
300376.SZ,20180823,22.8558
300377.SZ,20180823,10.3259
300378.SZ,20180823,2.2551
300379.SZ,20180823,4.0416
300380.SZ,20180823,2.0176
300381.SZ,20180823,6.1522
300382.SZ,20180823,10.8367
300383.SZ,20180823,20.2237
300384.SZ,20180823,2.8753
300385.SZ,20180823,1.5189
300386.SZ,20180823,4.4871
300387.SZ,20180823,4.0385
300388.SZ,20180823,5.4882
300389.SZ,20180823,4.0961
300390.SZ,20180823,3.8034
300391.SZ,20180823,2.5135
300392.SZ,20180823,6.0199
300393.SZ,20180823,1.5417
300394.SZ,20180823,2.6003
300395.SZ,20180823,4.6384
300396.SZ,20180823,4.5985
300397.SZ,20180823,2.002
300398.SZ,20180823,4.5917
300399.SZ,20180823,2.4776
300400.SZ,20180823,3.0193
300401.SZ,20180823,5.0351
300402.SZ,20180823,1.0036
300403.SZ,20180823,4.6663
300404.SZ,20180823,2.0024
300405.SZ,20180823,1.9607
300406.SZ,20180823,4.1525
300407.SZ,20180823,4.0409
300408.SZ,20180823,4.1324
300409.SZ,20180823,5.4782
300410.SZ,20180823,2.5179
300411.SZ,20180823,3.6229
300412.SZ,20180823,4.5587
300413.SZ,20180823,1.0089
300414.SZ,20180823,2.0207
300415.SZ,20180823,3.7668
300416.SZ,20180823,2.0257
300417.SZ,20180823,2.0491
300418.SZ,20180823,3.981
300419.SZ,20180823,7.691
300420.SZ,20180823,7.0849
300421.SZ,20180823,1.0493
300422.SZ,20180823,5.0352
300423.SZ,20180823,1.9309
300424.SZ,20180823,1.8186
300425.SZ,20180823,8.0923
300426.SZ,20180823,5.0364
300427.SZ,20180823,3.2403
300428.SZ,20180823,3.751
300429.SZ,20180823,3.1368
300430.SZ,20180823,3.8739
300431.SZ,20180823,2.6443
300432.SZ,20180823,3.1313
300433.SZ,20180823,5.5364
300434.SZ,20180823,2.0153
300435.SZ,20180823,3.0756
300436.SZ,20180823,2.0267
300437.SZ,20180823,2.8357
300438.SZ,20180823,3.0311
300439.SZ,20180823,3.036
300440.SZ,20180823,4.0929
300441.SZ,20180823,6.5823
300442.SZ,20180823,1.004
300443.SZ,20180823,4.0388
300444.SZ,20180823,4.0363
300445.SZ,20180823,4.0399
300446.SZ,20180823,2.0657
300447.SZ,20180823,3.428
300448.SZ,20180823,4.5292
300449.SZ,20180823,2.006
300450.SZ,20180823,12.1306
300451.SZ,20180823,6.0444
300452.SZ,20180823,3.0532
300453.SZ,20180823,2.0302
300454.SZ,20180823,1.0
300455.SZ,20180823,3.6815
300456.SZ,20180823,3.0112
300457.SZ,20180823,3.7904
300458.SZ,20180823,2.0227
300459.SZ,20180823,7.5749
300460.SZ,20180823,1.0084
300461.SZ,20180823,1.8224
300462.SZ,20180823,2.0111
300463.SZ,20180823,3.0376
300464.SZ,20180823,2.5147
300465.SZ,20180823,3.2052
300466.SZ,20180823,5.4208
300467.SZ,20180823,4.017
300468.SZ,20180823,1.8276
300469.SZ,20180823,1.8107
300470.SZ,20180823,2.0402
300471.SZ,20180823,5.1229
300472.SZ,20180823,1.5062
300473.SZ,20180823,1.0297
300474.SZ,20180823,2.0086
300475.SZ,20180823,1.0189
300476.SZ,20180823,4.6286
300477.SZ,20180823,4.5877
300478.SZ,20180823,1.9186
300479.SZ,20180823,2.0161
300480.SZ,20180823,2.0106
300481.SZ,20180823,3.0761
300482.SZ,20180823,3.6442
300483.SZ,20180823,1.0054
300484.SZ,20180823,4.0579
300485.SZ,20180823,4.0784
300486.SZ,20180823,1.0038
300487.SZ,20180823,2.5236
300488.SZ,20180823,1.6259
300489.SZ,20180823,2.0067
300490.SZ,20180823,2.0186
300491.SZ,20180823,1.8147
300492.SZ,20180823,1.0111
300493.SZ,20180823,2.5198
300494.SZ,20180823,2.0281
300495.SZ,20180823,7.5834
300496.SZ,20180823,3.9351
300497.SZ,20180823,3.0849
300498.SZ,20180823,1.555
300499.SZ,20180823,1.8105
300500.SZ,20180823,2.022
300501.SZ,20180823,1.9404
300502.SZ,20180823,3.0333
300503.SZ,20180823,2.5204
300504.SZ,20180823,1.0036
300505.SZ,20180823,1.0079
300506.SZ,20180823,2.5146
300507.SZ,20180823,1.8185
300508.SZ,20180823,1.6105
300509.SZ,20180823,1.9623
300510.SZ,20180823,2.0034
300511.SZ,20180823,2.8889
300512.SZ,20180823,2.163
300513.SZ,20180823,1.6039
300514.SZ,20180823,2.0051
300515.SZ,20180823,2.021
300516.SZ,20180823,1.0076
300517.SZ,20180823,1.0066
300518.SZ,20180823,1.0037
300519.SZ,20180823,2.0335
300520.SZ,20180823,2.2083
300521.SZ,20180823,1.8108
300522.SZ,20180823,1.8244
300523.SZ,20180823,1.8085
300525.SZ,20180823,1.8119
300526.SZ,20180823,2.0104
300527.SZ,20180823,1.8965
300528.SZ,20180823,1.2138
300529.SZ,20180823,1.0147
300530.SZ,20180823,1.0307
300531.SZ,20180823,3.5095
300532.SZ,20180823,3.3054
300533.SZ,20180823,1.018
300534.SZ,20180823,3.5076
300535.SZ,20180823,1.6842
300536.SZ,20180823,1.8148
300537.SZ,20180823,1.6176
300538.SZ,20180823,1.5108
300539.SZ,20180823,2.2093
300540.SZ,20180823,1.5074
300541.SZ,20180823,1.5069
300542.SZ,20180823,1.7075
300543.SZ,20180823,2.0311
300545.SZ,20180823,2.0112
300546.SZ,20180823,2.5299
300547.SZ,20180823,2.0657
300548.SZ,20180823,1.0079
300549.SZ,20180823,2.0299
300550.SZ,20180823,1.004
300551.SZ,20180823,1.5065
300552.SZ,20180823,1.0093
300553.SZ,20180823,1.0096
300554.SZ,20180823,1.805
300555.SZ,20180823,2.5168
300556.SZ,20180823,1.0091
300557.SZ,20180823,1.0144
300558.SZ,20180823,1.0057
300559.SZ,20180823,1.9144
300560.SZ,20180823,2.2583
300561.SZ,20180823,3.0283
300562.SZ,20180823,3.2111
300563.SZ,20180823,1.0086
300565.SZ,20180823,1.3195
300566.SZ,20180823,1.9683
300567.SZ,20180823,2.0149
300568.SZ,20180823,1.6266
300569.SZ,20180823,1.8289
300570.SZ,20180823,1.8406
300571.SZ,20180823,3.0128
300572.SZ,20180823,1.8268
300573.SZ,20180823,1.0148
300575.SZ,20180823,1.0114
300576.SZ,20180823,1.514
300577.SZ,20180823,3.2707
300578.SZ,20180823,1.8236
300579.SZ,20180823,1.5167
300580.SZ,20180823,1.015
300581.SZ,20180823,3.8097
300582.SZ,20180823,1.5074
300583.SZ,20180823,1.0043
300584.SZ,20180823,1.5189
300585.SZ,20180823,2.0455
300586.SZ,20180823,2.5479
300587.SZ,20180823,1.0129
300588.SZ,20180823,1.6103
300589.SZ,20180823,2.3444
300590.SZ,20180823,2.0391
300591.SZ,20180823,1.3049
300592.SZ,20180823,1.0085
300593.SZ,20180823,1.0054
300595.SZ,20180823,3.2605
300596.SZ,20180823,1.5109
300597.SZ,20180823,1.0025
300598.SZ,20180823,1.0037
300599.SZ,20180823,1.0159
300600.SZ,20180823,1.624
300601.SZ,20180823,1.5029
300602.SZ,20180823,2.007
300603.SZ,20180823,1.004
300604.SZ,20180823,1.9049
300605.SZ,20180823,1.3025
300606.SZ,20180823,1.0
300607.SZ,20180823,1.8092
300608.SZ,20180823,1.5867
300609.SZ,20180823,1.013
300610.SZ,20180823,1.5142
300611.SZ,20180823,2.0266
300612.SZ,20180823,2.2885
300613.SZ,20180823,1.0032
300615.SZ,20180823,1.8297
300616.SZ,20180823,1.8082
300617.SZ,20180823,1.5203
300618.SZ,20180823,1.6057
300619.SZ,20180823,1.0053
300620.SZ,20180823,1.005
300621.SZ,20180823,1.508
300622.SZ,20180823,1.0147
300623.SZ,20180823,1.922
300624.SZ,20180823,1.0016
300625.SZ,20180823,1.0491
300626.SZ,20180823,1.8083
300627.SZ,20180823,2.0096
300628.SZ,20180823,4.0673
300629.SZ,20180823,1.5034
300630.SZ,20180823,1.5024
300631.SZ,20180823,1.6164
300632.SZ,20180823,1.3054
300633.SZ,20180823,1.0029
300634.SZ,20180823,1.0
300635.SZ,20180823,1.6069
300636.SZ,20180823,1.0042
300637.SZ,20180823,1.0204
300638.SZ,20180823,1.5039
300639.SZ,20180823,2.017
300640.SZ,20180823,1.8254
300641.SZ,20180823,1.7345
300642.SZ,20180823,1.5104
300643.SZ,20180823,1.009
300644.SZ,20180823,1.0063
300645.SZ,20180823,1.0057
300647.SZ,20180823,1.8174
300648.SZ,20180823,2.0033
300649.SZ,20180823,2.0106
300650.SZ,20180823,1.7111
300651.SZ,20180823,1.0
300652.SZ,20180823,1.004
300653.SZ,20180823,1.0103
300654.SZ,20180823,1.5056
300655.SZ,20180823,1.7023
300656.SZ,20180823,1.5063
300657.SZ,20180823,1.0149
300658.SZ,20180823,1.5175
300659.SZ,20180823,1.6095
300660.SZ,20180823,1.8229
300661.SZ,20180823,1.3049
300662.SZ,20180823,1.0038
300663.SZ,20180823,1.4988
300664.SZ,20180823,1.0029
300665.SZ,20180823,1.6034
300666.SZ,20180823,1.0008
300667.SZ,20180823,1.503
300668.SZ,20180823,2.5469
300669.SZ,20180823,1.0072
300670.SZ,20180823,1.8102
300671.SZ,20180823,1.3999
300672.SZ,20180823,1.003
300673.SZ,20180823,1.5103
300675.SZ,20180823,1.0035
300676.SZ,20180823,1.0023
300677.SZ,20180823,2.0053
300678.SZ,20180823,1.802
300679.SZ,20180823,1.8159
300680.SZ,20180823,1.0047
300681.SZ,20180823,1.0097
300682.SZ,20180823,1.0024
300683.SZ,20180823,1.0062
300684.SZ,20180823,1.0027
300685.SZ,20180823,1.8041
300686.SZ,20180823,1.6056
300687.SZ,20180823,1.8067
300688.SZ,20180823,1.0016
300689.SZ,20180823,1.0061
300690.SZ,20180823,1.6343
300691.SZ,20180823,1.6094
300692.SZ,20180823,1.5016
300693.SZ,20180823,1.5124
300695.SZ,20180823,1.0208
300696.SZ,20180823,1.7084
300697.SZ,20180823,1.3053
300698.SZ,20180823,1.0014
300699.SZ,20180823,1.0065
300700.SZ,20180823,1.0047
300701.SZ,20180823,1.0096
300702.SZ,20180823,1.4969
300703.SZ,20180823,1.5153
300705.SZ,20180823,2.0043
300706.SZ,20180823,1.8014
300707.SZ,20180823,2.0026
300708.SZ,20180823,1.0028
300709.SZ,20180823,1.0098
300710.SZ,20180823,1.0064
300711.SZ,20180823,1.0038
300712.SZ,20180823,1.0051
300713.SZ,20180823,1.8025
300715.SZ,20180823,1.8072
300716.SZ,20180823,1.5079
300717.SZ,20180823,1.6072
300718.SZ,20180823,1.9945
300719.SZ,20180823,1.526
300720.SZ,20180823,1.0058
300721.SZ,20180823,1.0056
300722.SZ,20180823,1.0067
300723.SZ,20180823,1.0033
300724.SZ,20180823,1.0
300725.SZ,20180823,1.5026
300726.SZ,20180823,1.0036
300727.SZ,20180823,1.3035
300729.SZ,20180823,1.0062
300730.SZ,20180823,1.7032
300731.SZ,20180823,1.0093
300732.SZ,20180823,1.8104
300733.SZ,20180823,1.0081
300735.SZ,20180823,1.0109
300736.SZ,20180823,1.5209
300737.SZ,20180823,1.0034
300738.SZ,20180823,1.001
300739.SZ,20180823,1.5092
300740.SZ,20180823,1.7131
300741.SZ,20180823,1.0051
300742.SZ,20180823,1.0
300743.SZ,20180823,1.0
300745.SZ,20180823,1.0013
300746.SZ,20180823,1.0
300747.SZ,20180823,1.0
300750.SZ,20180823,1.0
600000.SH,20180823,12.3303
600004.SH,20180823,2.5561
600006.SH,20180823,3.5484
600007.SH,20180823,1.7151
600008.SH,20180823,7.4352
600009.SH,20180823,3.0166
600010.SH,20180823,8.281
600011.SH,20180823,4.565
600012.SH,20180823,2.1628
600015.SH,20180823,4.2738
600016.SH,20180823,24.4094
600017.SH,20180823,3.2438
600018.SH,20180823,1.3645
600019.SH,20180823,2.2712
600020.SH,20180823,3.9716
600021.SH,20180823,2.0821
600022.SH,20180823,5.5505
600023.SH,20180823,1.5556
600025.SH,20180823,1.0166
600026.SH,20180823,1.6897
600027.SH,20180823,1.6953
600028.SH,20180823,2.8218
600029.SH,20180823,1.6895
600030.SH,20180823,5.2653
600031.SH,20180823,46.4365
600033.SH,20180823,6.7556
600035.SH,20180823,2.8171
600036.SH,20180823,4.7797
600037.SH,20180823,5.17
600038.SH,20180823,3.0093
600039.SH,20180823,7.6387
600048.SH,20180823,19.6662
600050.SH,20180823,1.5583
600051.SH,20180823,4.4243
600052.SH,20180823,3.309
600053.SH,20180823,2.1887
600054.SH,20180823,4.3165
600055.SH,20180823,14.4019
600056.SH,20180823,8.9519
600057.SH,20180823,9.0494
600058.SH,20180823,4.7626
600059.SH,20180823,8.1271
600060.SH,20180823,5.7206
600061.SH,20180823,5.8598
600062.SH,20180823,7.5225
600063.SH,20180823,13.2179
600064.SH,20180823,16.636
600066.SH,20180823,39.7771
600067.SH,20180823,21.5925
600068.SH,20180823,5.9476
600069.SH,20180823,6.4148
600070.SH,20180823,9.8064
600071.SH,20180823,5.7485
600072.SH,20180823,4.1842
600073.SH,20180823,3.0729
600074.SH,20180823,9.5792
600075.SH,20180823,10.3637
600076.SH,20180823,3.2494
600077.SH,20180823,8.1889
600078.SH,20180823,6.6208
600079.SH,20180823,13.3498
600080.SH,20180823,5.0968
600081.SH,20180823,9.2494
600082.SH,20180823,5.9807
600083.SH,20180823,1.0
600084.SH,20180823,7.1864
600085.SH,20180823,11.001
600086.SH,20180823,9.6393
600087.SH,20180823,1.0
600088.SH,20180823,3.564
600089.SH,20180823,36.9704
600090.SH,20180823,4.8893
600091.SH,20180823,2.5753
600093.SH,20180823,3.3164
600094.SH,20180823,2.7195
600095.SH,20180823,3.3296
600096.SH,20180823,2.467
600097.SH,20180823,1.4309
600098.SH,20180823,5.3014
600099.SH,20180823,2.7353
600100.SH,20180823,21.1924
600101.SH,20180823,5.4714
600103.SH,20180823,4.1195
600104.SH,20180823,8.7989
600105.SH,20180823,11.1007
600106.SH,20180823,6.3332
600107.SH,20180823,2.5889
600108.SH,20180823,9.7245
600109.SH,20180823,8.5749
600110.SH,20180823,14.0902
600111.SH,20180823,19.5558
600112.SH,20180823,4.0336
600113.SH,20180823,4.1451
600114.SH,20180823,5.7961
600115.SH,20180823,1.3716
600116.SH,20180823,6.0415
600117.SH,20180823,2.7497
600118.SH,20180823,16.6269
600119.SH,20180823,2.9449
600120.SH,20180823,23.1037
600121.SH,20180823,4.0594
600122.SH,20180823,5.8927
600123.SH,20180823,7.3408
600125.SH,20180823,15.9358
600126.SH,20180823,5.1195
600127.SH,20180823,5.0872
600128.SH,20180823,2.971
600129.SH,20180823,3.0962
600130.SH,20180823,6.0305
600131.SH,20180823,5.1406
600132.SH,20180823,5.3038
600133.SH,20180823,4.1189
600135.SH,20180823,2.853
600136.SH,20180823,2.4869
600137.SH,20180823,1.5067
600138.SH,20180823,5.2724
600139.SH,20180823,8.9585
600141.SH,20180823,3.2402
600143.SH,20180823,18.9414
600145.SH,20180823,15.3045
600146.SH,20180823,1.32
600148.SH,20180823,2.7807
600149.SH,20180823,2.8892
600150.SH,20180823,3.2815
600151.SH,20180823,4.769
600152.SH,20180823,3.0645
600153.SH,20180823,14.4665
600155.SH,20180823,2.9043
600156.SH,20180823,1.8974
600157.SH,20180823,50.7587
600158.SH,20180823,6.446
600159.SH,20180823,4.8373
600160.SH,20180823,10.2837
600161.SH,20180823,9.0635
600162.SH,20180823,7.2505
600163.SH,20180823,2.3509
600165.SH,20180823,4.9716
600166.SH,20180823,26.2167
600167.SH,20180823,2.7696
600168.SH,20180823,2.1661
600169.SH,20180823,10.1444
600170.SH,20180823,14.3981
600171.SH,20180823,2.7326
600172.SH,20180823,9.3446
600173.SH,20180823,2.1582
600175.SH,20180823,17.0241
600176.SH,20180823,14.2531
600177.SH,20180823,24.7078
600178.SH,20180823,2.108
600179.SH,20180823,2.261
600180.SH,20180823,2.7896
600182.SH,20180823,1.1664
600183.SH,20180823,11.5364
600184.SH,20180823,3.2355
600185.SH,20180823,7.1803
600186.SH,20180823,5.0234
600187.SH,20180823,4.5578
600188.SH,20180823,2.7299
600189.SH,20180823,2.7439
600190.SH,20180823,2.6537
600191.SH,20180823,2.5463
600192.SH,20180823,1.7741
600193.SH,20180823,6.6987
600195.SH,20180823,3.6394
600196.SH,20180823,13.7382
600197.SH,20180823,3.7154
600198.SH,20180823,1.8142
600199.SH,20180823,4.7126
600200.SH,20180823,11.0859
600201.SH,20180823,15.0516
600202.SH,20180823,4.9186
600203.SH,20180823,1.6855
600206.SH,20180823,4.148
600207.SH,20180823,1.5547
600208.SH,20180823,6.6832
600209.SH,20180823,3.4965
600210.SH,20180823,7.4019
600211.SH,20180823,1.5543
600212.SH,20180823,2.7184
600213.SH,20180823,1.571
600215.SH,20180823,2.1593
600216.SH,20180823,5.7086
600217.SH,20180823,4.5178
600218.SH,20180823,2.0218
600219.SH,20180823,6.2343
600220.SH,20180823,8.3879
600221.SH,20180823,3.21
600222.SH,20180823,4.0733
600223.SH,20180823,1.8212
600225.SH,20180823,2.6827
600226.SH,20180823,28.4231
600227.SH,20180823,5.7499
600228.SH,20180823,2.1686
600229.SH,20180823,1.4248
600230.SH,20180823,2.1468
600231.SH,20180823,8.3576
600232.SH,20180823,2.6861
600233.SH,20180823,4.9491
600234.SH,20180823,2.353
600235.SH,20180823,2.2003
600236.SH,20180823,4.9942
600237.SH,20180823,4.2032
600238.SH,20180823,4.0117
600239.SH,20180823,18.6521
600240.SH,20180823,7.9738
600241.SH,20180823,2.5117
600242.SH,20180823,1.0879
600243.SH,20180823,1.5966
600246.SH,20180823,12.2188
600247.SH,20180823,4.6782
600248.SH,20180823,3.7003
600249.SH,20180823,4.4187
600250.SH,20180823,2.7104
600251.SH,20180823,8.5157
600252.SH,20180823,36.1892
600255.SH,20180823,13.5977
600256.SH,20180823,41.4075
600257.SH,20180823,6.5443
600258.SH,20180823,2.4383
600259.SH,20180823,1.0514
600260.SH,20180823,4.3501
600261.SH,20180823,17.6935
600262.SH,20180823,1.4782
600265.SH,20180823,1.6592
600266.SH,20180823,4.0443
600267.SH,20180823,6.8236
600268.SH,20180823,7.0893
600269.SH,20180823,11.0196
600270.SH,20180823,5.9064
600271.SH,20180823,18.6694
600272.SH,20180823,1.2643
600273.SH,20180823,1.5305
600275.SH,20180823,2.7557
600276.SH,20180823,36.8532
600277.SH,20180823,3.9769
600278.SH,20180823,2.1101
600279.SH,20180823,2.3807
600280.SH,20180823,11.4729
600281.SH,20180823,1.9332
600282.SH,20180823,5.3854
600283.SH,20180823,1.6241
600284.SH,20180823,3.2606
600285.SH,20180823,6.7654
600287.SH,20180823,4.9327
600288.SH,20180823,4.5524
600289.SH,20180823,7.3654
600290.SH,20180823,5.0302
600291.SH,20180823,3.2277
600292.SH,20180823,4.1813
600293.SH,20180823,3.3233
600295.SH,20180823,3.0184
600297.SH,20180823,6.5398
600298.SH,20180823,7.9372
600299.SH,20180823,2.8821
600300.SH,20180823,7.1721
600301.SH,20180823,1.7644
600302.SH,20180823,2.9726
600303.SH,20180823,6.5332
600305.SH,20180823,7.5252
600306.SH,20180823,1.7187
600307.SH,20180823,4.2289
600308.SH,20180823,6.7211
600309.SH,20180823,35.0755
600310.SH,20180823,8.26
600311.SH,20180823,4.4991
600312.SH,20180823,6.4954
600313.SH,20180823,4.1966
600315.SH,20180823,5.4188
600316.SH,20180823,4.3605
600317.SH,20180823,10.9856
600318.SH,20180823,3.177
600319.SH,20180823,1.4714
600320.SH,20180823,13.2234
600321.SH,20180823,7.7471
600322.SH,20180823,3.1504
600323.SH,20180823,3.6132
600325.SH,20180823,8.2509
600326.SH,20180823,7.8873
600327.SH,20180823,10.3518
600328.SH,20180823,2.9378
600329.SH,20180823,3.0529
600330.SH,20180823,4.8518
600331.SH,20180823,9.0005
600332.SH,20180823,1.4715
600333.SH,20180823,2.6308
600335.SH,20180823,5.2393
600336.SH,20180823,3.0298
600337.SH,20180823,13.2976
600338.SH,20180823,1.2735
600339.SH,20180823,3.9701
600340.SH,20180823,17.1182
600343.SH,20180823,3.0502
600345.SH,20180823,1.9435
600346.SH,20180823,6.7267
600348.SH,20180823,8.1517
600350.SH,20180823,2.1041
600351.SH,20180823,7.0174
600352.SH,20180823,18.019
600353.SH,20180823,7.3611
600354.SH,20180823,2.9835
600355.SH,20180823,5.819
600356.SH,20180823,2.0197
600358.SH,20180823,3.5266
600359.SH,20180823,1.5828
600360.SH,20180823,6.8697
600361.SH,20180823,5.2039
600362.SH,20180823,1.5777
600363.SH,20180823,3.2195
600365.SH,20180823,2.6352
600366.SH,20180823,11.5663
600367.SH,20180823,4.3084
600368.SH,20180823,3.2559
600369.SH,20180823,4.6424
600370.SH,20180823,6.4121
600371.SH,20180823,2.9715
600372.SH,20180823,2.9914
600373.SH,20180823,4.0659
600375.SH,20180823,3.7481
600376.SH,20180823,8.4668
600377.SH,20180823,2.6469
600378.SH,20180823,3.6153
600379.SH,20180823,1.9184
600380.SH,20180823,9.7903
600381.SH,20180823,1.0192
600382.SH,20180823,3.0158
600383.SH,20180823,15.0164
600385.SH,20180823,2.42
600386.SH,20180823,5.2928
600387.SH,20180823,2.8385
600388.SH,20180823,8.2786
600389.SH,20180823,3.0631
600390.SH,20180823,4.6293
600391.SH,20180823,2.3499
600392.SH,20180823,9.8424
600393.SH,20180823,9.0749
600395.SH,20180823,4.616
600396.SH,20180823,6.566
600397.SH,20180823,3.9852
600398.SH,20180823,7.6433
600399.SH,20180823,3.4408
600400.SH,20180823,11.9789
600401.SH,20180823,18.868
600403.SH,20180823,5.1727
600405.SH,20180823,7.1012
600406.SH,20180823,26.5017
600408.SH,20180823,4.214
600409.SH,20180823,6.2699
600410.SH,20180823,12.6083
600415.SH,20180823,39.8184
600416.SH,20180823,3.4279
600418.SH,20180823,6.3037
600419.SH,20180823,2.7522
600420.SH,20180823,8.9543
600421.SH,20180823,1.921
600422.SH,20180823,9.7262
600423.SH,20180823,3.3503
600425.SH,20180823,5.8992
600426.SH,20180823,8.7226
600428.SH,20180823,6.3243
600429.SH,20180823,1.4284
600433.SH,20180823,6.3192
600435.SH,20180823,13.4568
600436.SH,20180823,6.4741
600438.SH,20180823,10.6545
600439.SH,20180823,15.4768
600444.SH,20180823,1.9946
600446.SH,20180823,16.4095
600448.SH,20180823,1.8219
600449.SH,20180823,3.5594
600452.SH,20180823,2.2102
600455.SH,20180823,1.13
600456.SH,20180823,2.6093
600458.SH,20180823,7.99
600459.SH,20180823,3.6965
600460.SH,20180823,14.8317
600461.SH,20180823,4.1467
600462.SH,20180823,4.5185
600463.SH,20180823,2.9226
600466.SH,20180823,6.1688
600467.SH,20180823,8.9967
600468.SH,20180823,8.8018
600469.SH,20180823,2.6199
600470.SH,20180823,2.4364
600475.SH,20180823,2.5024
600476.SH,20180823,2.0532
600477.SH,20180823,24.6664
600478.SH,20180823,10.226
600479.SH,20180823,11.3374
600480.SH,20180823,2.0427
600481.SH,20180823,9.0949
600482.SH,20180823,2.8923
600483.SH,20180823,2.4649
600485.SH,20180823,2.8261
600486.SH,20180823,3.7137
600487.SH,20180823,10.4308
600488.SH,20180823,6.9495
600489.SH,20180823,11.7096
600490.SH,20180823,13.9735
600491.SH,20180823,10.5885
600493.SH,20180823,2.5589
600495.SH,20180823,7.4628
600496.SH,20180823,9.8246
600497.SH,20180823,20.4459
600498.SH,20180823,3.5723
600499.SH,20180823,29.4057
600500.SH,20180823,6.2943
600501.SH,20180823,4.7274
600502.SH,20180823,12.0044
600503.SH,20180823,3.0119
600505.SH,20180823,3.2818
600506.SH,20180823,1.3265
600507.SH,20180823,11.0516
600508.SH,20180823,3.1547
600509.SH,20180823,6.2235
600510.SH,20180823,5.4657
600511.SH,20180823,5.3745
600512.SH,20180823,6.2691
600513.SH,20180823,6.2152
600515.SH,20180823,2.2162
600516.SH,20180823,6.0188
600517.SH,20180823,21.0678
600518.SH,20180823,44.8911
600519.SH,20180823,7.2118
600520.SH,20180823,2.3416
600521.SH,20180823,16.498
600522.SH,20180823,8.33
600523.SH,20180823,1.9967
600525.SH,20180823,12.7057
600526.SH,20180823,3.9016
600527.SH,20180823,19.152
600528.SH,20180823,4.3013
600529.SH,20180823,5.6023
600530.SH,20180823,6.3962
600531.SH,20180823,10.1968
600532.SH,20180823,2.3386
600533.SH,20180823,8.5276
600535.SH,20180823,11.1855
600536.SH,20180823,5.2905
600537.SH,20180823,4.4129
600538.SH,20180823,3.0815
600539.SH,20180823,1.2139
600540.SH,20180823,3.4525
600543.SH,20180823,2.4566
600545.SH,20180823,4.1703
600546.SH,20180823,8.1027
600547.SH,20180823,11.1099
600548.SH,20180823,2.1462
600549.SH,20180823,12.9787
600550.SH,20180823,7.6356
600551.SH,20180823,3.6113
600552.SH,20180823,8.0566
600555.SH,20180823,4.2856
600556.SH,20180823,4.8794
600557.SH,20180823,8.7167
600558.SH,20180823,6.896
600559.SH,20180823,5.1575
600560.SH,20180823,4.5231
600561.SH,20180823,2.7738
600562.SH,20180823,7.0505
600563.SH,20180823,2.6622
600565.SH,20180823,10.8699
600566.SH,20180823,1.9642
600567.SH,20180823,3.9762
600568.SH,20180823,12.7193
600569.SH,20180823,2.4984
600570.SH,20180823,14.3315
600571.SH,20180823,10.1199
600572.SH,20180823,14.8214
600573.SH,20180823,1.3057
600575.SH,20180823,17.6187
600576.SH,20180823,3.1496
600577.SH,20180823,22.8036
600578.SH,20180823,5.0344
600579.SH,20180823,1.8826
600580.SH,20180823,6.9933
600581.SH,20180823,6.6166
600582.SH,20180823,36.3579
600583.SH,20180823,19.5188
600584.SH,20180823,4.7833
600585.SH,20180823,4.3913
600586.SH,20180823,12.6878
600587.SH,20180823,5.5004
600588.SH,20180823,32.215
600589.SH,20180823,4.2569
600590.SH,20180823,4.395
600592.SH,20180823,3.2924
600593.SH,20180823,1.9206
600594.SH,20180823,15.0378
600595.SH,20180823,7.9974
600596.SH,20180823,7.5035
600597.SH,20180823,2.4277
600598.SH,20180823,2.3532
600599.SH,20180823,2.205
600600.SH,20180823,1.6566
600601.SH,20180823,5799.034
600602.SH,20180823,522.5962
600603.SH,20180823,150.3126
600604.SH,20180823,52.4065
600605.SH,20180823,34.97
600606.SH,20180823,124.3671
600608.SH,20180823,96.5391
600609.SH,20180823,25.9265
600610.SH,20180823,79.3496
600611.SH,20180823,658.9646
600612.SH,20180823,124.3211
600613.SH,20180823,27.7755
600614.SH,20180823,167.7216
600615.SH,20180823,54.7971
600616.SH,20180823,288.5644
600617.SH,20180823,42.741
600618.SH,20180823,24.5423
600619.SH,20180823,53.1483
600620.SH,20180823,420.4969
600621.SH,20180823,289.9332
600622.SH,20180823,168.3293
600623.SH,20180823,27.2648
600624.SH,20180823,17.5743
600626.SH,20180823,10.5733
600628.SH,20180823,46.6926
600629.SH,20180823,4.5432
600630.SH,20180823,3.1992
600633.SH,20180823,7.6398
600634.SH,20180823,8.7831
600635.SH,20180823,139.2801
600636.SH,20180823,12.7362
600637.SH,20180823,4.5816
600638.SH,20180823,14.6197
600639.SH,20180823,5.9243
600640.SH,20180823,8.4082
600641.SH,20180823,17.0711
600642.SH,20180823,8.7156
600643.SH,20180823,7.3431
600644.SH,20180823,11.6177
600645.SH,20180823,18.1391
600647.SH,20180823,16.0246
600648.SH,20180823,6.5841
600649.SH,20180823,14.2776
600650.SH,20180823,4.1201
600651.SH,20180823,5920.171
600652.SH,20180823,5440.2222
600653.SH,20180823,10055.6401
600654.SH,20180823,1506.9637
600655.SH,20180823,195.8879
600656.SH,20180823,1.0
600657.SH,20180823,15.6547
600658.SH,20180823,6.2314
600660.SH,20180823,74.5336
600661.SH,20180823,5.1103
600662.SH,20180823,57.9552
600663.SH,20180823,9.8575
600664.SH,20180823,10.0075
600665.SH,20180823,4.0714
600666.SH,20180823,11.3273
600667.SH,20180823,4.8741
600668.SH,20180823,6.2498
600671.SH,20180823,3.2685
600673.SH,20180823,13.5755
600674.SH,20180823,18.5342
600675.SH,20180823,31.7552
600676.SH,20180823,13.452
600677.SH,20180823,6.329
600678.SH,20180823,4.2225
600679.SH,20180823,2.5035
600680.SH,20180823,3.918
600681.SH,20180823,5.6452
600682.SH,20180823,12.6506
600683.SH,20180823,6.1678
600684.SH,20180823,14.8902
600685.SH,20180823,2.0187
600686.SH,20180823,12.9236
600687.SH,20180823,10.7168
600688.SH,20180823,3.5282
600689.SH,20180823,2.5439
600690.SH,20180823,36.1331
600691.SH,20180823,9.4577
600692.SH,20180823,8.3739
600693.SH,20180823,10.5085
600694.SH,20180823,4.7229
600695.SH,20180823,2.321
600696.SH,20180823,3.3039
600697.SH,20180823,2.7806
600698.SH,20180823,5.2219
600699.SH,20180823,2.9656
600701.SH,20180823,4.7596
600702.SH,20180823,3.4479
600703.SH,20180823,20.861
600704.SH,20180823,17.674
600705.SH,20180823,49.1201
600706.SH,20180823,1.9651
600707.SH,20180823,2.2726
600708.SH,20180823,11.606
600710.SH,20180823,5.8523
600711.SH,20180823,9.8518
600712.SH,20180823,6.357
600713.SH,20180823,10.2257
600714.SH,20180823,2.6234
600715.SH,20180823,3.84
600716.SH,20180823,4.5262
600717.SH,20180823,17.6028
600718.SH,20180823,17.0295
600719.SH,20180823,5.4579
600720.SH,20180823,10.7553
600721.SH,20180823,1.4522
600722.SH,20180823,5.8921
600723.SH,20180823,3.0075
600724.SH,20180823,11.5093
600725.SH,20180823,8.235
600726.SH,20180823,3.5972
600727.SH,20180823,5.2747
600728.SH,20180823,12.733
600729.SH,20180823,3.0282
600730.SH,20180823,5.4991
600731.SH,20180823,6.4092
600732.SH,20180823,4.8628
600733.SH,20180823,2.3399
600734.SH,20180823,3.6591
600735.SH,20180823,5.3629
600736.SH,20180823,27.0888
600737.SH,20180823,11.2268
600738.SH,20180823,5.6886
600739.SH,20180823,30.4659
600740.SH,20180823,7.4201
600741.SH,20180823,42.6377
600742.SH,20180823,13.4181
600743.SH,20180823,11.5896
600744.SH,20180823,4.1062
600745.SH,20180823,2.129
600746.SH,20180823,7.3525
600747.SH,20180823,15.9149
600748.SH,20180823,6.1771
600749.SH,20180823,3.1273
600750.SH,20180823,10.2556
600751.SH,20180823,4.6211
600753.SH,20180823,2.2463
600754.SH,20180823,2.9346
600755.SH,20180823,19.7646
600756.SH,20180823,5.1905
600757.SH,20180823,6.3904
600758.SH,20180823,2.7625
600759.SH,20180823,4.4654
600760.SH,20180823,4.9048
600761.SH,20180823,11.501
600763.SH,20180823,2.4151
600764.SH,20180823,8.101
600765.SH,20180823,8.9718
600766.SH,20180823,4.2253
600767.SH,20180823,3.7742
600768.SH,20180823,3.3395
600769.SH,20180823,5.58
600770.SH,20180823,21.0022
600771.SH,20180823,5.3238
600773.SH,20180823,6.2065
600774.SH,20180823,6.3801
600775.SH,20180823,1.4458
600776.SH,20180823,4.722
600777.SH,20180823,30.5155
600778.SH,20180823,3.7658
600779.SH,20180823,6.377
600780.SH,20180823,10.9936
600781.SH,20180823,2.1401
600782.SH,20180823,10.4574
600783.SH,20180823,6.0333
600784.SH,20180823,7.1551
600785.SH,20180823,4.6062
600787.SH,20180823,30.3898
600789.SH,20180823,2.125
600790.SH,20180823,10.5363
600791.SH,20180823,7.2704
600792.SH,20180823,6.7557
600793.SH,20180823,1.7333
600794.SH,20180823,20.5779
600795.SH,20180823,255.3098
600796.SH,20180823,8.5192
600797.SH,20180823,12.4749
600798.SH,20180823,7.8305
600800.SH,20180823,9.9044
600801.SH,20180823,6.3228
600802.SH,20180823,2.7752
600803.SH,20180823,6.0771
600804.SH,20180823,8.0585
600805.SH,20180823,14.3978
600807.SH,20180823,6.536
600808.SH,20180823,1.9121
600809.SH,20180823,4.3484
600810.SH,20180823,3.0901
600811.SH,20180823,15.6239
600812.SH,20180823,3.9463
600814.SH,20180823,5.9718
600815.SH,20180823,6.1482
600816.SH,20180823,30.9637
600817.SH,20180823,4.4653
600818.SH,20180823,2.1387
600819.SH,20180823,3.3301
600820.SH,20180823,17.713
600821.SH,20180823,4.4615
600822.SH,20180823,2.7279
600823.SH,20180823,31.9874
600824.SH,20180823,25.9377
600825.SH,20180823,12.6424
600826.SH,20180823,4.8594
600827.SH,20180823,8.3246
600828.SH,20180823,9.632
600829.SH,20180823,9.4778
600830.SH,20180823,9.7945
600831.SH,20180823,6.3912
600833.SH,20180823,7.2971
600834.SH,20180823,3.9118
600835.SH,20180823,4.8409
600836.SH,20180823,13.65
600837.SH,20180823,22.2696
600838.SH,20180823,8.9428
600839.SH,20180823,27.6828
600841.SH,20180823,2.836
600843.SH,20180823,2.8051
600844.SH,20180823,6.9355
600845.SH,20180823,4.3301
600846.SH,20180823,14.8621
600847.SH,20180823,1.8623
600848.SH,20180823,2.253
600850.SH,20180823,6.8211
600851.SH,20180823,11.7645
600853.SH,20180823,1.9864
600854.SH,20180823,5.9734
600855.SH,20180823,1.6066
600856.SH,20180823,5.6157
600857.SH,20180823,5.7063
600858.SH,20180823,6.8778
600859.SH,20180823,4.3864
600860.SH,20180823,1.6615
600861.SH,20180823,2.4082
600862.SH,20180823,7.1258
600863.SH,20180823,17.0107
600864.SH,20180823,10.4005
600865.SH,20180823,4.749
600866.SH,20180823,14.6242
600867.SH,20180823,32.9254
600868.SH,20180823,27.9741
600869.SH,20180823,10.6668
600870.SH,20180823,8.2693
600871.SH,20180823,2.4641
600872.SH,20180823,10.9482
600873.SH,20180823,6.1785
600874.SH,20180823,1.6473
600875.SH,20180823,2.9844
600876.SH,20180823,1.427
600877.SH,20180823,4.641
600879.SH,20180823,36.2714
600880.SH,20180823,29.1479
600881.SH,20180823,46.9152
600882.SH,20180823,2.3786
600883.SH,20180823,4.687
600884.SH,20180823,18.5223
600885.SH,20180823,3.885
600886.SH,20180823,45.7195
600887.SH,20180823,72.01
600888.SH,20180823,10.8085
600889.SH,20180823,4.6208
600890.SH,20180823,5.544
600891.SH,20180823,3.4422
600892.SH,20180823,6.3227
600893.SH,20180823,3.2648
600894.SH,20180823,3.2948
600895.SH,20180823,19.6098
600896.SH,20180823,4.9376
600897.SH,20180823,4.6817
600898.SH,20180823,2.708
600900.SH,20180823,2.9623
600901.SH,20180823,1.0138
600903.SH,20180823,1.0008
600908.SH,20180823,1.0351
600909.SH,20180823,1.0169
600917.SH,20180823,1.0551
600919.SH,20180823,1.0487
600926.SH,20180823,2.0421
600929.SH,20180823,1.0032
600933.SH,20180823,1.0175
600936.SH,20180823,1.0205
600939.SH,20180823,1.0105
600958.SH,20180823,1.0638
600959.SH,20180823,1.3223
600960.SH,20180823,4.3987
600961.SH,20180823,1.5044
600962.SH,20180823,1.8926
600963.SH,20180823,3.4067
600965.SH,20180823,2.0179
600966.SH,20180823,6.7829
600967.SH,20180823,5.1668
600969.SH,20180823,2.032
600970.SH,20180823,11.9781
600971.SH,20180823,6.953
600973.SH,20180823,8.5969
600975.SH,20180823,7.2332
600976.SH,20180823,2.8588
600977.SH,20180823,1.0341
600978.SH,20180823,4.9995
600979.SH,20180823,4.0451
600980.SH,20180823,1.7775
600981.SH,20180823,4.6839
600982.SH,20180823,3.8867
600983.SH,20180823,2.4394
600984.SH,20180823,1.9023
600985.SH,20180823,3.3033
600986.SH,20180823,5.7995
600987.SH,20180823,4.0117
600988.SH,20180823,5.4583
600990.SH,20180823,2.7779
600992.SH,20180823,1.5429
600993.SH,20180823,11.3849
600995.SH,20180823,8.4174
600996.SH,20180823,1.0271
600997.SH,20180823,3.695
600998.SH,20180823,1.0299
600999.SH,20180823,1.5531
601000.SH,20180823,4.7555
601001.SH,20180823,2.1462
601002.SH,20180823,1.0858
601003.SH,20180823,4.2701
601005.SH,20180823,1.0505
601006.SH,20180823,1.6807
601007.SH,20180823,1.0945
601008.SH,20180823,1.654
601009.SH,20180823,4.8762
601010.SH,20180823,4.3855
601011.SH,20180823,2.6068
601012.SH,20180823,7.784
601015.SH,20180823,1.5106
601016.SH,20180823,2.0488
601018.SH,20180823,1.1751
601019.SH,20180823,1.0275
601020.SH,20180823,1.0194
601021.SH,20180823,2.0319
601028.SH,20180823,2.3879
601038.SH,20180823,1.0381
601058.SH,20180823,4.8669
601066.SH,20180823,1.0
601069.SH,20180823,1.0051
601086.SH,20180823,1.0123
601088.SH,20180823,1.6054
601098.SH,20180823,1.164
601099.SH,20180823,2.8515
601100.SH,20180823,2.2355
601101.SH,20180823,3.051
601106.SH,20180823,1.0077
601107.SH,20180823,1.2201
601108.SH,20180823,1.0166
601111.SH,20180823,1.1267
601113.SH,20180823,2.0955
601116.SH,20180823,1.1285
601117.SH,20180823,1.0991
601118.SH,20180823,1.0317
601126.SH,20180823,2.2715
601127.SH,20180823,1.0278
601128.SH,20180823,1.0418
601137.SH,20180823,2.1504
601138.SH,20180823,1.0
601139.SH,20180823,2.2075
601155.SH,20180823,1.3711
601158.SH,20180823,1.3593
601163.SH,20180823,1.0367
601166.SH,20180823,3.9703
601168.SH,20180823,1.1167
601169.SH,20180823,3.2516
601177.SH,20180823,1.0211
601179.SH,20180823,1.1029
601186.SH,20180823,1.1931
601188.SH,20180823,1.1047
601198.SH,20180823,1.0395
601199.SH,20180823,4.3607
601200.SH,20180823,1.0051
601208.SH,20180823,2.2589
601211.SH,20180823,1.0855
601212.SH,20180823,1.0037
601216.SH,20180823,11.8919
601218.SH,20180823,2.2191
601222.SH,20180823,4.6087
601225.SH,20180823,1.1042
601226.SH,20180823,1.5274
601228.SH,20180823,1.0083
601229.SH,20180823,1.9149
601231.SH,20180823,2.1191
601233.SH,20180823,3.021
601238.SH,20180823,1.5864
601258.SH,20180823,5.0215
601268.SH,20180823,1.0
601288.SH,20180823,1.495
601311.SH,20180823,2.1469
601318.SH,20180823,2.3282
601326.SH,20180823,1.0239
601328.SH,20180823,1.7556
601330.SH,20180823,1.0
601333.SH,20180823,1.2864
601336.SH,20180823,1.0544
601339.SH,20180823,2.2828
601360.SH,20180823,2.0182
601366.SH,20180823,1.007
601368.SH,20180823,1.042
601369.SH,20180823,1.9103
601375.SH,20180823,1.0257
601377.SH,20180823,2.3659
601388.SH,20180823,5.1202
601390.SH,20180823,1.1392
601398.SH,20180823,1.7015
601500.SH,20180823,1.0161
601515.SH,20180823,2.3876
601518.SH,20180823,1.1332
601519.SH,20180823,2.9109
601555.SH,20180823,1.0878
601558.SH,20180823,6.2453
601566.SH,20180823,1.3588
601567.SH,20180823,4.6283
601579.SH,20180823,1.0334
601588.SH,20180823,1.151
601595.SH,20180823,1.0268
601599.SH,20180823,3.242
601600.SH,20180823,1.0195
601601.SH,20180823,1.2455
601606.SH,20180823,1.0
601607.SH,20180823,9.3575
601608.SH,20180823,1.5778
601611.SH,20180823,1.0124
601616.SH,20180823,1.9663
601618.SH,20180823,1.1081
601619.SH,20180823,1.0042
601628.SH,20180823,1.1964
601633.SH,20180823,3.4968
601636.SH,20180823,2.9154
601666.SH,20180823,2.5241
601668.SH,20180823,1.7682
601669.SH,20180823,1.1701
601677.SH,20180823,1.0637
601678.SH,20180823,3.9884
601688.SH,20180823,1.1385
601689.SH,20180823,1.029
601699.SH,20180823,5.6132
601700.SH,20180823,5.865
601717.SH,20180823,2.2482
601718.SH,20180823,1.1009
601727.SH,20180823,1.0912
601766.SH,20180823,1.1864
601777.SH,20180823,1.1746
601788.SH,20180823,1.1969
601789.SH,20180823,2.2005
601798.SH,20180823,1.0744
601799.SH,20180823,1.2362
601800.SH,20180823,1.2149
601801.SH,20180823,2.2216
601808.SH,20180823,1.1308
601811.SH,20180823,1.0613
601818.SH,20180823,1.3713
601828.SH,20180823,1.0213
601838.SH,20180823,1.0258
601857.SH,20180823,1.2935
601858.SH,20180823,1.018
601866.SH,20180823,1.0082
601869.SH,20180823,1.0
601872.SH,20180823,1.2116
601877.SH,20180823,1.7259
601878.SH,20180823,1.0143
601880.SH,20180823,2.5659
601881.SH,20180823,1.0287
601882.SH,20180823,1.0072
601886.SH,20180823,2.1906
601888.SH,20180823,2.1561
601890.SH,20180823,2.7951
601898.SH,20180823,1.1537
601899.SH,20180823,1.8917
601900.SH,20180823,1.0411
601901.SH,20180823,1.0333
601908.SH,20180823,4.2075
601918.SH,20180823,1.5103
601919.SH,20180823,1.0429
601928.SH,20180823,1.136
601929.SH,20180823,2.1758
601933.SH,20180823,8.8671
601939.SH,20180823,1.6932
601949.SH,20180823,1.0192
601952.SH,20180823,1.3239
601958.SH,20180823,1.3259
601965.SH,20180823,1.6275
601966.SH,20180823,1.0234
601968.SH,20180823,1.0036
601969.SH,20180823,1.008
601985.SH,20180823,1.0472
601988.SH,20180823,1.7225
601989.SH,20180823,1.6823
601990.SH,20180823,1.0
601991.SH,20180823,2.4191
601992.SH,20180823,2.1526
601996.SH,20180823,4.244
601997.SH,20180823,1.0445
601998.SH,20180823,1.4132
601999.SH,20180823,1.0526
603000.SH,20180823,4.1293
603001.SH,20180823,1.1736
603002.SH,20180823,1.5709
603003.SH,20180823,1.0119
603005.SH,20180823,1.0157
603006.SH,20180823,2.034
603007.SH,20180823,2.5176
603008.SH,20180823,1.5699
603009.SH,20180823,2.5586
603010.SH,20180823,2.238
603011.SH,20180823,2.0403
603012.SH,20180823,2.0286
603013.SH,20180823,1.0
603015.SH,20180823,2.0709
603016.SH,20180823,1.026
603017.SH,20180823,4.1978
603018.SH,20180823,3.0702
603019.SH,20180823,2.0157
603020.SH,20180823,2.1015
603021.SH,20180823,2.6562
603022.SH,20180823,2.5243
603023.SH,20180823,4.6188
603025.SH,20180823,1.4885
603026.SH,20180823,1.0481
603027.SH,20180823,2.0302
603028.SH,20180823,1.006
603029.SH,20180823,1.0071
603030.SH,20180823,3.0289
603031.SH,20180823,1.4161
603032.SH,20180823,1.2073
603033.SH,20180823,1.4237
603035.SH,20180823,1.0305
603036.SH,20180823,1.0066
603037.SH,20180823,1.3586
603038.SH,20180823,1.4243
603039.SH,20180823,1.4852
603040.SH,20180823,1.3172
603041.SH,20180823,1.0082
603042.SH,20180823,1.0072
603043.SH,20180823,1.0149
603045.SH,20180823,1.0
603050.SH,20180823,1.2184
603055.SH,20180823,1.0151
603056.SH,20180823,1.0064
603058.SH,20180823,1.0057
603059.SH,20180823,1.0
603060.SH,20180823,1.0173
603063.SH,20180823,1.0099
603066.SH,20180823,3.0464
603067.SH,20180823,1.4199
603069.SH,20180823,1.0104
603076.SH,20180823,1.0085
603077.SH,20180823,13.946
603078.SH,20180823,1.4076
603079.SH,20180823,1.4081
603080.SH,20180823,1.0057
603081.SH,20180823,1.0073
603083.SH,20180823,1.3079
603085.SH,20180823,2.0173
603086.SH,20180823,1.4067
603088.SH,20180823,1.4244
603089.SH,20180823,1.0209
603090.SH,20180823,1.0127
603096.SH,20180823,1.0156
603098.SH,20180823,1.2277
603099.SH,20180823,1.0174
603100.SH,20180823,1.0399
603101.SH,20180823,1.0135
603103.SH,20180823,1.0065
603105.SH,20180823,1.0
603106.SH,20180823,1.1013
603108.SH,20180823,5.4527
603110.SH,20180823,1.4099
603111.SH,20180823,2.5762
603113.SH,20180823,1.0094
603116.SH,20180823,1.467
603117.SH,20180823,1.4409
603118.SH,20180823,2.26
603123.SH,20180823,1.1237
603126.SH,20180823,1.5348
603127.SH,20180823,1.4051
603128.SH,20180823,2.1135
603129.SH,20180823,1.0121
603131.SH,20180823,2.0287
603133.SH,20180823,1.0059
603136.SH,20180823,1.0105
603138.SH,20180823,1.8316
603139.SH,20180823,1.0098
603156.SH,20180823,1.439
603157.SH,20180823,1.0291
603158.SH,20180823,2.0454
603159.SH,20180823,1.0162
603160.SH,20180823,1.0131
603161.SH,20180823,1.0109
603165.SH,20180823,1.4276
603166.SH,20180823,1.2684
603167.SH,20180823,1.1388
603168.SH,20180823,4.7333
603169.SH,20180823,1.6274
603177.SH,20180823,1.0124
603178.SH,20180823,1.0176
603179.SH,20180823,1.4201
603180.SH,20180823,1.0061
603181.SH,20180823,1.0092
603183.SH,20180823,1.4083
603186.SH,20180823,1.0118
603188.SH,20180823,2.1604
603189.SH,20180823,1.0083
603196.SH,20180823,1.0094
603197.SH,20180823,1.4302
603198.SH,20180823,1.0981
603199.SH,20180823,1.0156
603200.SH,20180823,1.0252
603203.SH,20180823,1.7246
603208.SH,20180823,1.0272
603214.SH,20180823,1.003
603218.SH,20180823,1.0153
603222.SH,20180823,2.027
603223.SH,20180823,1.4198
603225.SH,20180823,1.41
603226.SH,20180823,1.3239
603227.SH,20180823,2.0247
603228.SH,20180823,1.0234
603229.SH,20180823,1.0041
603232.SH,20180823,1.4135
603233.SH,20180823,1.0095
603238.SH,20180823,1.0083
603239.SH,20180823,3.1248
603258.SH,20180823,1.0183
603259.SH,20180823,1.0
603260.SH,20180823,1.0064
603266.SH,20180823,1.4249
603268.SH,20180823,1.4179
603269.SH,20180823,1.0063
603277.SH,20180823,1.0124
603278.SH,20180823,1.01
603283.SH,20180823,1.0052
603286.SH,20180823,1.006
603288.SH,20180823,3.8654
603289.SH,20180823,1.3088
603298.SH,20180823,1.0358
603299.SH,20180823,1.0152
603300.SH,20180823,2.0078
603301.SH,20180823,1.0
603303.SH,20180823,1.7382
603305.SH,20180823,1.0028
603306.SH,20180823,2.0617
603308.SH,20180823,1.0164
603309.SH,20180823,2.0453
603311.SH,20180823,1.02
603313.SH,20180823,1.0378
603315.SH,20180823,2.0188
603316.SH,20180823,1.0053
603318.SH,20180823,3.0178
603319.SH,20180823,1.0202
603320.SH,20180823,1.007
603321.SH,20180823,1.0088
603322.SH,20180823,1.4067
603323.SH,20180823,1.3314
603326.SH,20180823,1.4125
603328.SH,20180823,2.2054
603329.SH,20180823,1.0105
603330.SH,20180823,1.3188
603331.SH,20180823,1.0111
603333.SH,20180823,1.516
603335.SH,20180823,1.3054
603336.SH,20180823,1.3194
603337.SH,20180823,1.5046
603338.SH,20180823,3.5401
603339.SH,20180823,1.016
603345.SH,20180823,1.0179
603348.SH,20180823,1.0
603355.SH,20180823,1.0192
603356.SH,20180823,1.0059
603357.SH,20180823,1.0113
603358.SH,20180823,1.4475
603359.SH,20180823,1.421
603360.SH,20180823,1.4655
603363.SH,20180823,1.002
603365.SH,20180823,1.018
603366.SH,20180823,2.3595
603367.SH,20180823,1.0056
603368.SH,20180823,1.8839
603369.SH,20180823,2.6237
603377.SH,20180823,1.437
603378.SH,20180823,1.0134
603380.SH,20180823,1.0097
603383.SH,20180823,1.4146
603385.SH,20180823,1.3231
603386.SH,20180823,1.006
603387.SH,20180823,1.4077
603388.SH,20180823,2.0229
603389.SH,20180823,1.0138
603393.SH,20180823,1.0459
603396.SH,20180823,1.0089
603398.SH,20180823,2.2256
603399.SH,20180823,1.4162
603416.SH,20180823,1.4129
603421.SH,20180823,1.0198
603429.SH,20180823,2.8136
603444.SH,20180823,1.0326
603456.SH,20180823,3.695
603458.SH,20180823,1.0166
603466.SH,20180823,2.0237
603477.SH,20180823,1.0068
603486.SH,20180823,1.0
603488.SH,20180823,1.0146
603496.SH,20180823,1.4026
603499.SH,20180823,1.0073
603500.SH,20180823,1.4127
603501.SH,20180823,1.0011
603505.SH,20180823,1.0066
603506.SH,20180823,1.3098
603507.SH,20180823,1.0094
603508.SH,20180823,1.0148
603515.SH,20180823,1.3244
603516.SH,20180823,1.4094
603517.SH,20180823,1.02
603518.SH,20180823,1.0197
603519.SH,20180823,2.9535
603520.SH,20180823,1.0404
603527.SH,20180823,1.4127
603528.SH,20180823,3.0507
603533.SH,20180823,1.001
603535.SH,20180823,1.0077
603536.SH,20180823,1.4193
603538.SH,20180823,1.2122
603555.SH,20180823,1.099
603556.SH,20180823,1.3229
603557.SH,20180823,1.0045
603558.SH,20180823,3.8767
603559.SH,20180823,1.505
603566.SH,20180823,2.0503
603567.SH,20180823,2.0673
603568.SH,20180823,1.5396
603569.SH,20180823,1.418
603577.SH,20180823,1.5194
603578.SH,20180823,1.0076
603579.SH,20180823,2.0244
603580.SH,20180823,1.4065
603585.SH,20180823,1.8503
603586.SH,20180823,1.022
603587.SH,20180823,1.0317
603588.SH,20180823,4.0275
603589.SH,20180823,1.0347
603595.SH,20180823,1.0017
603596.SH,20180823,1.0
603598.SH,20180823,2.0132
603599.SH,20180823,2.0385
603600.SH,20180823,2.6036
603601.SH,20180823,6.9513
603602.SH,20180823,1.4042
603603.SH,20180823,1.0071
603605.SH,20180823,1.0086
603606.SH,20180823,3.0048
603607.SH,20180823,1.4139
603608.SH,20180823,1.4728
603609.SH,20180823,1.546
603611.SH,20180823,2.9705
603612.SH,20180823,1.4331
603615.SH,20180823,1.0296
603616.SH,20180823,2.0045
603617.SH,20180823,1.007
603618.SH,20180823,3.0656
603619.SH,20180823,1.0099
603626.SH,20180823,1.9907
603628.SH,20180823,1.0056
603630.SH,20180823,1.3109
603633.SH,20180823,1.3151
603636.SH,20180823,4.6284
603637.SH,20180823,1.7096
603638.SH,20180823,1.5015
603639.SH,20180823,1.4153
603648.SH,20180823,1.0083
603650.SH,20180823,1.0
603655.SH,20180823,1.0047
603656.SH,20180823,1.9833
603657.SH,20180823,1.0
603658.SH,20180823,1.0333
603659.SH,20180823,1.0056
603660.SH,20180823,1.4078
603661.SH,20180823,1.0186
603663.SH,20180823,1.0106
603665.SH,20180823,1.0049
603666.SH,20180823,1.0
603667.SH,20180823,1.3252
603668.SH,20180823,1.4127
603669.SH,20180823,1.455
603676.SH,20180823,1.0035
603677.SH,20180823,2.4354
603678.SH,20180823,2.5398
603679.SH,20180823,1.0036
603680.SH,20180823,1.4128
603683.SH,20180823,1.002
603685.SH,20180823,1.3162
603686.SH,20180823,2.0532
603688.SH,20180823,1.5474
603689.SH,20180823,1.0128
603690.SH,20180823,1.0067
603693.SH,20180823,1.0
603696.SH,20180823,1.4154
603698.SH,20180823,1.0233
603699.SH,20180823,1.0755
603701.SH,20180823,1.8521
603703.SH,20180823,2.5237
603706.SH,20180823,1.0
603707.SH,20180823,1.3057
603708.SH,20180823,1.3483
603709.SH,20180823,1.0037
603711.SH,20180823,1.0045
603712.SH,20180823,1.001
603713.SH,20180823,1.0
603716.SH,20180823,3.5076
603717.SH,20180823,1.4148
603718.SH,20180823,2.32
603721.SH,20180823,1.0097
603722.SH,20180823,1.0084
603725.SH,20180823,1.006
603726.SH,20180823,1.4407
603727.SH,20180823,1.0178
603728.SH,20180823,1.3034
603729.SH,20180823,1.4082
603730.SH,20180823,1.0157
603733.SH,20180823,1.0
603737.SH,20180823,1.3246
603738.SH,20180823,2.4107
603757.SH,20180823,1.4176
603758.SH,20180823,1.0131
603766.SH,20180823,2.8825
603767.SH,20180823,1.4276
603768.SH,20180823,1.0121
603773.SH,20180823,1.0
603776.SH,20180823,1.4172
603777.SH,20180823,1.4349
603778.SH,20180823,6.2949
603779.SH,20180823,1.0089
603787.SH,20180823,1.0072
603788.SH,20180823,1.5074
603789.SH,20180823,1.3218
603797.SH,20180823,1.0121
603798.SH,20180823,2.0485
603799.SH,20180823,1.4166
603800.SH,20180823,1.0095
603801.SH,20180823,1.0099
603803.SH,20180823,1.0234
603806.SH,20180823,1.3881
603808.SH,20180823,2.0136
603809.SH,20180823,1.439
603811.SH,20180823,1.0248
603813.SH,20180823,1.0051
603816.SH,20180823,1.0261
603817.SH,20180823,1.0059
603818.SH,20180823,2.0337
603819.SH,20180823,1.0124
603822.SH,20180823,1.0114
603823.SH,20180823,1.0165
603825.SH,20180823,1.4099
603826.SH,20180823,1.3089
603828.SH,20180823,3.5638
603829.SH,20180823,1.0068
603833.SH,20180823,1.0086
603838.SH,20180823,2.028
603839.SH,20180823,1.4466
603843.SH,20180823,1.0037
603848.SH,20180823,1.0063
603855.SH,20180823,1.0216
603856.SH,20180823,1.3139
603858.SH,20180823,1.3879
603859.SH,20180823,1.0092
603860.SH,20180823,1.0043
603861.SH,20180823,1.0124
603866.SH,20180823,1.0376
603868.SH,20180823,1.0682
603869.SH,20180823,1.029
603871.SH,20180823,1.409
603876.SH,20180823,1.0034
603877.SH,20180823,1.0404
603878.SH,20180823,1.0279
603879.SH,20180823,1.0092
603880.SH,20180823,1.3077
603881.SH,20180823,1.0048
603882.SH,20180823,1.0032
603883.SH,20180823,1.0252
603885.SH,20180823,2.9234
603886.SH,20180823,1.0359
603887.SH,20180823,1.415
603888.SH,20180823,2.5735
603889.SH,20180823,3.1564
603890.SH,20180823,1.4095
603895.SH,20180823,1.407
603896.SH,20180823,1.0043
603897.SH,20180823,1.0
603898.SH,20180823,3.0824
603899.SH,20180823,2.0993
603900.SH,20180823,1.4257
603901.SH,20180823,4.0423
603903.SH,20180823,1.0036
603906.SH,20180823,1.2066
603908.SH,20180823,1.0229
603909.SH,20180823,1.0067
603912.SH,20180823,1.4121
603916.SH,20180823,1.0113
603917.SH,20180823,1.408
603918.SH,20180823,2.0154
603919.SH,20180823,1.3293
603920.SH,20180823,1.0374
603922.SH,20180823,1.0118
603926.SH,20180823,1.0478
603928.SH,20180823,1.0238
603929.SH,20180823,1.0177
603933.SH,20180823,1.4156
603936.SH,20180823,1.0063
603937.SH,20180823,1.0027
603938.SH,20180823,1.0063
603939.SH,20180823,2.0423
603955.SH,20180823,1.3091
603958.SH,20180823,1.0283
603959.SH,20180823,1.41
603960.SH,20180823,1.703
603963.SH,20180823,1.3051
603966.SH,20180823,1.3143
603968.SH,20180823,2.0856
603969.SH,20180823,3.0055
603970.SH,20180823,1.2112
603976.SH,20180823,1.4218
603977.SH,20180823,1.45
603978.SH,20180823,2.0101
603979.SH,20180823,1.5811
603980.SH,20180823,1.0158
603985.SH,20180823,1.3136
603986.SH,20180823,2.814
603987.SH,20180823,2.1421
603988.SH,20180823,2.1366
603989.SH,20180823,2.1485
603990.SH,20180823,1.0096
603991.SH,20180823,1.0044
603993.SH,20180823,3.2694
603996.SH,20180823,1.5357
603997.SH,20180823,1.5688
603998.SH,20180823,3.9341
603999.SH,20180823,2.4355
900906.SH,20180823,1.0
900930.SH,20180823,1.0
900951.SH,20180823,1.0
832317.BJ,20180823,2.5
920047.BJ,20180823,228.032
920090.BJ,20180823,3.0226
920198.BJ,20180823,2.324
920418.BJ,20180823,1.8288
920489.BJ,20180823,1.372
920510.BJ,20180823,1.0798
920799.BJ,20180823,4.2229
920832.BJ,20180823,1.5593
920839.BJ,20180823,1.0
920946.BJ,20180823,1.0
920964.BJ,20180823,2.099
920010.BJ,20180823,2.5993
920039.BJ,20180823,1.0947
920405.BJ,20180823,1.2934
920370.BJ,20180823,4.6433
920445.BJ,20180823,1.5352
920689.BJ,20180823,1.1344
920726.BJ,20180823,1.0
920768.BJ,20180823,1.0094
920932.BJ,20180823,1.0082
920856.BJ,20180823,1.0373
920961.BJ,20180823,3.9413
920000.BJ,20180823,1.0593
920145.BJ,20180823,7.4352
920171.BJ,20180823,1.8012
920225.BJ,20180823,1.0
920278.BJ,20180823,1.0838
920419.BJ,20180823,1.0182
920566.BJ,20180823,1.0548
920735.BJ,20180823,1.4574
920885.BJ,20180823,1.0361
920266.BJ,20180823,1.0342
920427.BJ,20180823,1.0
920454.BJ,20180823,1.0
920509.BJ,20180823,2.3863
920523.BJ,20180823,3.2187
920819.BJ,20180823,1.0886
920873.BJ,20180823,1.8797
833874.BJ,20180823,1.2238
833994.BJ,20180823,1.0
920021.BJ,20180823,6.0046
920415.BJ,20180823,2.0
920475.BJ,20180823,3.2228
920599.BJ,20180823,1.1935
920682.BJ,20180823,1.0216
920765.BJ,20180823,1.0332
920174.BJ,20180823,1.0
920179.BJ,20180823,1.0
920184.BJ,20180823,1.0
920185.BJ,20180823,4.5016
920305.BJ,20180823,1.0
920368.BJ,20180823,1.0395
920508.BJ,20180823,1.0968
920640.BJ,20180823,1.1308
920670.BJ,20180823,2.0809
920077.BJ,20180823,1.0
920149.BJ,20180823,1.0
920260.BJ,20180823,1.0388
920263.BJ,20180823,1.5589
920433.BJ,20180823,1.0972
920675.BJ,20180823,1.0074
920826.BJ,20180823,1.1939
920892.BJ,20180823,3.5849
920092.BJ,20180823,1.5985
920212.BJ,20180823,1.0199
920242.BJ,20180823,4.1208
920344.BJ,20180823,1.0
920030.BJ,20180823,2.3046
920163.BJ,20180823,1.53
920924.BJ,20180823,1.0
920167.BJ,20180823,1.0
920729.BJ,20180823,1.0483
920146.BJ,20180823,1.027
920436.BJ,20180823,1.0
920396.BJ,20180823,1.0938
920642.BJ,20180823,1.0
920249.BJ,20180823,4.75
920227.BJ,20180823,4.2831
920580.BJ,20180823,1.1
920808.BJ,20180823,1.0
920062.BJ,20180823,1.3206
920971.BJ,20180823,1.011
920346.BJ,20180823,1.0192
920641.BJ,20180823,1.8451
920985.BJ,20180823,1.4015
920395.BJ,20180823,1.0667
920790.BJ,20180823,1.0211
920992.BJ,20180823,1.0382
920199.BJ,20180823,1.0
920207.BJ,20180823,1.0309
920491.BJ,20180823,1.0239
920914.BJ,20180823,1.0
920662.BJ,20180823,1.8182
920267.BJ,20180823,1.2333
920870.BJ,20180823,1.023
920152.BJ,20180823,1.0241
920876.BJ,20180823,2.1224
920943.BJ,20180823,1.0
920378.BJ,20180823,1.0556
920834.BJ,20180823,1.4648
920639.BJ,20180823,1.0272
920533.BJ,20180823,3.5703
920781.BJ,20180823,1.611
920195.BJ,20180823,1.0103
920942.BJ,20180823,1.0098
920414.BJ,20180823,1.0
920087.BJ,20180823,1.0599
920014.BJ,20180823,1.0479
920957.BJ,20180823,14.2857
920075.BJ,20180823,1.0747
920230.BJ,20180823,1.3022
920866.BJ,20180823,1.1494
920110.BJ,20180823,1.0358
920429.BJ,20180823,2.2722
920571.BJ,20180823,1.0
920810.BJ,20180823,1.0332
920879.BJ,20180823,2.2533
920526.BJ,20180823,4.8755
920033.BJ,20180823,1.5196
920351.BJ,20180823,1.0
920770.BJ,20180823,1.0
920809.BJ,20180823,2.0737
920023.BJ,20180823,2.0656
920802.BJ,20180823,1.5751
920261.BJ,20180823,1.0284
920663.BJ,20180823,1.0453
920575.BJ,20180823,1.0
920974.BJ,20180823,1.9746
920273.BJ,20180823,1.0204
920407.BJ,20180823,1.05
920057.BJ,20180823,1.0
920792.BJ,20180823,1.0568
920779.BJ,20180823,1.4698
920471.BJ,20180823,1.0206
920006.BJ,20180823,1.005
920751.BJ,20180823,3.8333
920592.BJ,20180823,1.0
920651.BJ,20180823,1.2247
920701.BJ,20180823,1.0204
920970.BJ,20180823,1.0
920982.BJ,20180823,1.5246
920719.BJ,20180823,1.0
920221.BJ,20180823,1.0
920455.BJ,20180823,1.3003
920175.BJ,20180823,1.0
920717.BJ,20180823,1.0
920896.BJ,20180823,1.0
920504.BJ,20180823,1.0487
920978.BJ,20180823,1.0331
920786.BJ,20180823,1.9976
920469.BJ,20180823,1.0
920976.BJ,20180823,1.0
920519.BJ,20180823,1.0
920627.BJ,20180823,2.1429
920284.BJ,20180823,3.4784
920579.BJ,20180823,1.0047
920522.BJ,20180823,1.0357
920375.BJ,20180823,1.0533
920493.BJ,20180823,1.0
920130.BJ,20180823,2.0
920403.BJ,20180823,1.0676
920496.BJ,20180823,2.051
920438.BJ,20180823,1.0
920123.BJ,20180823,1.0
000629.SZ,20180823,7.789
302132.SZ,20180823,5.8782
920017.BJ,20180823,1.007
920139.BJ,20180823,4.9741
920300.BJ,20180823,2.0
920425.BJ,20180823,1.2328
920476.BJ,20180823,3.384
920478.BJ,20180823,2.3028
920556.BJ,20180823,2.8041
920564.BJ,20180823,1.6425
920685.BJ,20180823,3.4631
920718.BJ,20180823,1.0235
