ts_code,trade_date,open,high,low,close,vol,amount
000029.SZ,20260108,22.11,22.85,21.98,22.57,80711.8,182105.199
000029.SZ,20260107,22.13,23.13,22.08,22.12,66180.8,148248.628
000029.SZ,20260106,22.18,22.72,21.94,22.13,63225.58,141002.077
000029.SZ,20260105,22.02,22.46,21.93,22.22,47052.6,104580.359
000029.SZ,20251231,22.31,22.5,21.73,22.02,43728.6,96357.859
000029.SZ,20251230,22.44,22.62,22.0,22.25,39757.0,88955.752
000029.SZ,20251229,23.2,23.26,22.39,22.5,45723.29,103735.925
000029.SZ,20251226,23.0,23.66,22.9,23.26,38801.41,90623.442
000029.SZ,20251225,23.27,23.45,23.01,23.1,28697.64,66489.979
000029.SZ,20251224,23.43,23.43,23.06,23.33,28429.19,66012.688
000029.SZ,20251223,23.47,23.49,23.0,23.3,33040.65,76760.779
000029.SZ,20251222,23.6,23.75,23.04,23.43,44322.06,103648.504
000029.SZ,20251219,22.34,23.44,22.25,23.32,63218.15,145970.825
000029.SZ,20251218,22.22,22.71,22.18,22.26,30760.0,69041.047
000029.SZ,20251217,21.86,22.45,21.62,22.29,52516.1,115710.117
000029.SZ,20251216,23.39,23.44,21.81,21.99,68252.07,152510.539
000029.SZ,20251215,23.07,23.45,22.73,23.34,36217.4,83550.4
000029.SZ,20251212,23.87,23.98,23.2,23.3,38931.29,91196.853
000029.SZ,20251211,24.44,24.59,23.56,23.8,79576.78,190924.846
000029.SZ,20251210,24.7,25.28,24.0,24.81,125134.02,308581.434
000029.SZ,20251209,23.37,25.62,23.08,24.31,137763.16,336288.198
000029.SZ,20251208,23.32,23.45,22.9,23.29,38863.25,90192.379
000029.SZ,20251205,23.4,23.6,22.68,23.26,49946.48,114981.28
000029.SZ,20251204,23.03,23.29,22.57,23.27,54975.05,126175.701
000029.SZ,20251203,23.77,23.89,22.93,22.99,51526.08,119970.99
000029.SZ,20251202,24.38,24.4,23.71,23.78,30914.13,74028.91
000029.SZ,20251201,24.6,24.7,24.32,24.33,27993.0,68380.94
000029.SZ,20251128,24.27,24.61,24.09,24.55,31896.01,77696.486
000029.SZ,20251127,24.8,24.84,24.26,24.26,28503.89,69850.252
000029.SZ,20251126,24.62,25.02,24.42,24.79,40554.27,100298.619
000029.SZ,20251125,24.25,24.8,24.03,24.55,47286.01,115702.442
000029.SZ,20251124,24.41,25.21,24.16,24.25,40217.9,98677.592
000029.SZ,20251121,25.0,25.55,24.38,24.41,54899.18,136590.673
000029.SZ,20251120,25.28,26.25,24.91,25.39,82602.43,211690.508
000029.SZ,20251119,25.17,25.48,24.55,25.18,57647.88,144448.173
000029.SZ,20251118,25.15,25.38,24.65,25.16,56318.82,140894.852
000029.SZ,20251117,25.4,25.4,24.53,25.2,66854.95,166514.924
000029.SZ,20251114,26.19,26.4,25.37,25.48,71478.26,183149.405
000029.SZ,20251113,27.13,27.13,26.26,26.38,51710.49,137163.801
000029.SZ,20251112,27.38,27.53,26.99,27.08,29296.43,79704.863
000029.SZ,20251111,28.11,28.4,27.46,27.46,30484.83,84548.773
000029.SZ,20251110,28.25,28.85,27.2,27.98,53987.47,150431.14
000029.SZ,20251107,28.87,29.43,28.2,28.3,42092.94,120963.597
000029.SZ,20251106,29.1,29.19,28.31,28.8,39421.45,113020.79
000029.SZ,20251105,28.23,29.21,28.19,29.18,38803.12,111596.897
000029.SZ,20251104,28.57,28.75,28.3,28.51,25998.65,74136.028
000029.SZ,20251103,28.84,28.9,27.83,28.57,50591.15,142818.216
000029.SZ,20251031,28.51,29.37,28.45,28.68,51045.94,147753.045
000029.SZ,20251030,29.27,29.39,28.33,28.35,50300.01,144702.568
000029.SZ,20251029,29.6,29.83,28.95,29.13,39306.17,115343.61
000029.SZ,20251028,28.7,29.78,28.63,29.41,57861.81,169550.95
000029.SZ,20251027,28.82,29.18,28.44,28.7,51618.5,148939.12
000029.SZ,20251024,28.86,29.27,28.16,28.36,63259.34,180226.257
000029.SZ,20251023,31.4,31.4,29.11,29.43,79185.94,236201.531
000029.SZ,20251022,27.4,29.37,27.2,28.86,86424.29,246340.155
000029.SZ,20251021,26.9,28.29,26.7,27.47,102232.27,280134.035
000029.SZ,20251020,29.0,29.68,28.51,29.53,48105.08,140717.611
000029.SZ,20251017,29.0,29.38,28.55,28.6,33397.47,96362.778
000029.SZ,20251016,29.12,29.88,28.84,29.08,40842.4,119516.47
000029.SZ,20251015,29.16,29.32,28.42,29.27,44773.61,129051.091
000029.SZ,20251014,30.02,30.49,28.88,28.95,66866.43,198026.025
000029.SZ,20251013,28.66,30.8,28.4,29.67,73304.9,219004.454
000029.SZ,20251010,29.51,30.35,29.18,29.56,88039.86,261920.156
000029.SZ,20251009,33.0,33.19,30.22,30.22,112731.58,348313.113
000029.SZ,20250930,31.76,34.0,31.26,33.58,133995.71,442807.786
000029.SZ,20250929,30.8,32.38,29.82,31.8,108531.09,335138.028
000029.SZ,20250926,29.85,31.5,29.2,30.63,119422.61,366484.672
000029.SZ,20250925,28.75,29.9,28.4,29.44,102203.55,299409.459
000029.SZ,20250924,28.49,29.45,28.3,28.67,94478.98,272910.253
000029.SZ,20250923,28.09,28.79,27.26,28.54,65819.29,183887.754
000029.SZ,20250922,28.1,28.27,27.41,28.1,51804.12,144454.709
000029.SZ,20250919,27.88,29.1,27.36,28.34,74605.04,211842.417
000029.SZ,20250918,27.5,29.35,27.39,27.89,112582.48,320240.448
000029.SZ,20250917,27.39,27.92,27.05,27.49,61355.23,167800.961
000029.SZ,20250916,27.62,27.94,27.27,27.62,41741.51,115146.506
000029.SZ,20250915,28.02,28.25,27.05,27.6,63869.64,175180.967
000029.SZ,20250912,28.3,28.87,27.85,28.12,59050.17,167208.071
000029.SZ,20250911,27.54,28.06,27.25,27.95,47642.68,131836.418
000029.SZ,20250910,27.18,27.88,27.18,27.5,49261.53,135580.054
000029.SZ,20250909,27.64,27.74,26.92,27.18,54562.79,148849.231
000029.SZ,20250908,28.71,28.86,27.43,27.63,88134.99,246597.971
000029.SZ,20250905,27.07,28.23,27.07,28.23,71044.89,196701.71
000029.SZ,20250904,28.08,28.37,26.6,26.94,92294.97,253285.225
000029.SZ,20250903,28.12,28.88,27.91,28.08,61618.39,174593.766
000029.SZ,20250902,29.13,29.46,27.85,28.1,95630.2,271177.447
000029.SZ,20250901,28.19,29.98,27.88,29.21,94724.15,275083.709
000029.SZ,20250829,28.7,29.17,28.3,28.66,95633.31,274144.134
000029.SZ,20250828,28.02,30.65,26.88,29.08,174712.63,494238.773
000029.SZ,20250827,29.98,31.38,29.77,29.77,162864.46,490164.188
000029.SZ,20250826,29.77,33.08,29.21,33.08,155463.64,485328.383
000029.SZ,20250825,27.52,30.13,27.01,30.07,125728.67,364148.467
000029.SZ,20250822,26.09,27.92,26.08,27.52,98164.71,267644.041
000029.SZ,20250821,26.2,26.5,25.69,25.99,95680.89,249421.359
000029.SZ,20250820,24.61,26.71,24.22,26.26,107674.47,274780.995
000029.SZ,20250819,24.6,25.44,24.32,24.5,71113.28,176315.479
000029.SZ,20250818,24.33,24.67,23.66,24.43,97710.2,237874.851
000029.SZ,20250815,22.26,24.33,22.03,24.06,101051.38,237424.493
000029.SZ,20250814,22.76,23.23,22.0,22.2,101548.71,229850.889
000029.SZ,20250813,22.69,22.98,22.48,22.81,89903.57,204183.729
000029.SZ,20250812,21.57,23.25,21.51,22.58,133904.77,300523.739
000029.SZ,20250811,20.86,21.64,20.61,21.45,77231.22,163317.21
000029.SZ,20250808,20.79,21.06,20.56,20.96,53614.0,111749.257
000029.SZ,20250807,20.18,21.04,20.08,20.62,65909.99,136232.139
000029.SZ,20250806,20.07,20.34,19.98,20.2,45410.94,91380.186
000029.SZ,20250805,19.5,20.3,19.37,20.07,80253.28,159461.443
000029.SZ,20250804,18.71,19.6,18.36,19.6,70449.04,134815.941
000029.SZ,20250801,18.85,19.17,18.73,18.8,34739.02,65628.98
000029.SZ,20250731,18.84,19.23,18.81,18.85,34165.59,64674.072
000029.SZ,20250730,19.02,19.27,18.81,18.89,45321.0,86294.264
000029.SZ,20250729,19.0,19.26,18.89,19.16,45928.12,87945.058
000029.SZ,20250728,19.16,19.36,18.89,18.9,48198.01,91818.617
000029.SZ,20250725,19.01,19.33,18.89,19.16,42246.1,80966.036
000029.SZ,20250724,19.06,19.3,18.97,19.04,37027.66,70919.912
000029.SZ,20250723,19.19,19.47,19.02,19.06,37999.43,72957.535
000029.SZ,20250722,19.22,19.58,19.16,19.3,47854.53,92783.033
000029.SZ,20250721,18.88,19.44,18.83,19.26,50971.12,97274.193
000029.SZ,20250718,18.87,19.05,18.83,18.9,32692.58,61824.59
000029.SZ,20250717,18.81,19.1,18.68,18.89,46561.49,87861.187
000029.SZ,20250716,19.59,19.59,18.87,18.89,104112.38,198850.681
000029.SZ,20250715,19.13,20.47,18.92,19.78,128945.57,253775.358
000029.SZ,20250714,19.58,19.72,19.0,19.2,107557.47,207298.982
000029.SZ,20250711,20.51,20.51,19.54,19.71,156398.15,309459.812
000029.SZ,20250710,18.68,20.53,18.2,20.53,218674.6,431234.313
000029.SZ,20250709,19.36,19.4,18.6,18.66,113781.72,214975.415
000029.SZ,20250708,18.6,18.78,18.31,18.45,45776.0,85059.323
000029.SZ,20250707,18.8,18.9,18.35,18.66,45389.84,84180.499
000029.SZ,20250704,18.64,19.04,18.51,18.77,61501.84,115640.821
000029.SZ,20250703,18.52,18.7,18.12,18.64,58013.31,107110.316
000029.SZ,20250702,18.84,18.93,18.31,18.41,38521.57,71594.315
000029.SZ,20250701,18.82,18.92,18.65,18.85,29920.01,56186.979
000029.SZ,20250630,18.66,19.19,18.58,18.82,76362.98,144065.612
000029.SZ,20250627,18.69,19.13,18.58,18.69,51956.0,97580.797
000029.SZ,20250626,19.27,19.38,18.87,18.99,46275.04,88300.713
000029.SZ,20250625,19.65,19.81,19.0,19.3,54318.36,105663.261
000029.SZ,20250624,19.12,19.71,19.1,19.51,44921.64,87602.622
000029.SZ,20250623,19.0,19.08,18.5,19.01,47450.8,89253.123
000029.SZ,20250620,19.5,19.97,19.02,19.2,55718.73,108410.537
000029.SZ,20250619,19.85,20.14,19.2,19.36,50882.48,100067.25
000029.SZ,20250618,20.13,20.23,19.47,19.79,51104.0,101218.571
000029.SZ,20250617,19.8,20.16,19.75,20.14,40645.8,81193.615
000029.SZ,20250616,20.15,20.28,19.8,19.89,54750.96,109665.045
000029.SZ,20250613,20.82,20.82,19.91,20.1,71508.9,144608.315
000029.SZ,20250612,21.0,21.08,20.4,20.65,74406.09,153672.394
000029.SZ,20250611,20.57,21.35,20.51,21.09,77757.96,162843.04
000029.SZ,20250610,20.71,21.15,20.19,20.58,94061.51,193706.183
000029.SZ,20250609,20.23,20.75,20.0,20.7,75149.54,153293.17
000029.SZ,20250606,20.2,20.33,19.82,20.23,88582.44,178067.947
000029.SZ,20250605,18.75,20.49,18.64,20.02,144548.66,281017.562
000029.SZ,20250604,20.0,20.06,17.8,18.89,162854.7,304969.312
000029.SZ,20250603,19.73,20.55,19.54,19.65,145449.41,288563.936
000029.SZ,20250530,18.01,20.01,18.01,20.01,177579.43,350984.386
000029.SZ,20250529,17.77,18.2,17.08,18.19,86038.26,152197.7
000029.SZ,20250528,17.8,18.1,17.72,17.72,30792.73,55026.527
000029.SZ,20250527,17.81,18.1,17.61,17.91,35487.42,63489.526
000029.SZ,20250526,17.86,18.1,17.65,17.75,39730.18,70791.896
000029.SZ,20250523,18.12,18.24,17.8,17.95,49498.94,89220.601
000029.SZ,20250522,17.39,18.3,17.39,18.11,77033.53,137859.602
000029.SZ,20250521,17.21,17.86,17.12,17.49,60085.84,105215.178
000029.SZ,20250520,17.32,17.45,16.93,17.22,43799.0,75016.093
000029.SZ,20250519,17.06,17.6,17.0,17.33,59459.01,102369.021
000029.SZ,20250516,17.05,17.18,16.67,16.98,42823.1,72391.822
000029.SZ,20250515,17.2,17.28,16.9,17.06,37404.4,63830.259
000029.SZ,20250514,17.25,17.44,17.08,17.18,43216.02,74373.847
000029.SZ,20250513,16.6,17.62,16.5,17.19,86380.94,148541.592
000029.SZ,20250512,16.83,17.19,16.48,16.55,68337.01,114598.351
000029.SZ,20250509,16.32,16.8,16.17,16.8,69490.83,114708.733
000029.SZ,20250508,15.89,16.36,15.81,16.18,55864.48,89652.513
000029.SZ,20250507,16.11,16.4,15.9,15.95,52042.41,84032.728
000029.SZ,20250506,16.18,16.2,15.52,15.92,67332.15,106457.751
000029.SZ,20250430,15.28,16.26,15.26,16.16,89329.84,141910.448
000029.SZ,20250429,15.44,15.89,15.19,15.24,55040.04,85311.913
000029.SZ,20250428,15.66,15.75,15.1,15.46,70974.0,109081.42
000029.SZ,20250425,15.22,15.51,15.09,15.15,37758.18,57797.475
000029.SZ,20250424,15.48,15.59,15.06,15.29,35161.0,53788.359
000029.SZ,20250423,15.18,15.6,15.11,15.42,49822.09,76629.311
000029.SZ,20250422,15.05,15.39,14.94,15.17,40132.9,60782.593
000029.SZ,20250421,14.73,15.02,14.58,14.94,31462.79,46609.449
000029.SZ,20250418,14.27,14.8,14.27,14.73,33687.44,49034.365
000029.SZ,20250417,14.14,14.68,14.11,14.36,40380.0,58409.18
000029.SZ,20250416,14.21,14.42,14.02,14.22,32305.01,46004.483
000029.SZ,20250415,14.2,14.29,13.98,14.21,24900.24,35182.379
000029.SZ,20250414,14.08,14.37,14.05,14.2,27250.88,38674.018
000029.SZ,20250411,14.2,14.28,13.92,14.02,37468.01,52757.164
000029.SZ,20250410,13.93,14.36,13.88,14.29,58789.22,83372.15
000029.SZ,20250409,13.01,13.99,12.81,13.93,64828.44,87557.671
000029.SZ,20250408,13.39,13.5,12.82,13.27,64191.35,84376.022
000029.SZ,20250407,14.1,14.77,13.5,13.5,55387.04,76456.946
000029.SZ,20250403,14.73,15.16,14.73,15.0,27862.0,41723.423
000029.SZ,20250402,14.93,15.15,14.75,14.86,20305.38,30135.464
000029.SZ,20250401,14.83,15.14,14.75,14.93,30851.0,46169.844
000029.SZ,20250331,15.36,15.48,14.78,14.85,58799.11,88689.709
000029.SZ,20250328,15.37,15.49,15.28,15.44,41072.46,63268.112
000029.SZ,20250327,15.1,15.53,14.91,15.38,49894.0,76251.607
000029.SZ,20250326,15.17,15.38,15.06,15.1,38460.09,58320.546
000029.SZ,20250325,14.7,15.2,14.61,15.17,75990.96,114007.545
000029.SZ,20250324,14.55,15.1,14.39,14.7,67094.5,98886.21
000029.SZ,20250321,14.47,14.74,14.29,14.53,36641.44,53120.403
000029.SZ,20250320,14.7,14.75,14.48,14.57,21581.25,31547.374
000029.SZ,20250319,14.71,14.78,14.64,14.7,15971.16,23493.839
000029.SZ,20250318,14.88,14.9,14.64,14.71,26599.38,39160.921
000029.SZ,20250317,15.04,15.12,14.84,14.87,27934.32,41796.599
000029.SZ,20250314,14.68,14.99,14.68,14.97,29884.22,44516.22
000029.SZ,20250313,14.75,14.83,14.47,14.73,27235.3,39842.697
000029.SZ,20250312,14.81,15.22,14.73,14.8,46046.53,68706.803
000029.SZ,20250311,14.51,14.99,14.38,14.84,57423.28,84495.323
000029.SZ,20250310,14.73,14.78,14.55,14.59,25521.25,37313.202
000029.SZ,20250307,14.97,15.04,14.66,14.69,31971.02,47121.327
000029.SZ,20250306,14.85,15.1,14.7,15.04,34190.85,51015.049
000029.SZ,20250305,15.1,15.18,14.65,14.78,34203.0,50644.225
000029.SZ,20250304,14.94,15.18,14.6,15.13,41447.3,61783.068
000029.SZ,20250303,15.07,15.2,14.87,14.87,39156.94,58819.497
000029.SZ,20250228,15.24,15.35,14.93,15.04,48192.88,72677.677
000029.SZ,20250227,15.15,15.46,15.02,15.28,40789.26,62050.042
000029.SZ,20250226,15.07,15.37,14.85,15.17,43096.94,65134.089
000029.SZ,20250225,15.15,15.2,14.75,15.0,49133.27,73589.126
000029.SZ,20250224,15.42,15.55,15.22,15.3,34295.81,52535.788
000029.SZ,20250221,15.55,15.68,15.2,15.48,40619.0,62699.194
000029.SZ,20250220,15.88,15.89,15.42,15.48,41364.96,64340.083
000029.SZ,20250219,15.51,15.89,15.34,15.81,47285.1,73997.914
000029.SZ,20250218,15.92,16.02,15.52,15.57,46595.97,73517.532
000029.SZ,20250217,15.93,16.26,15.82,15.88,62479.0,99642.013
000029.SZ,20250214,15.05,16.6,14.86,16.03,122859.53,193613.56
000029.SZ,20250213,15.06,15.27,15.0,15.13,66168.29,100078.932
000029.SZ,20250212,15.29,15.35,14.71,15.28,84783.01,127095.789
000029.SZ,20250211,15.67,15.91,15.12,15.25,115445.57,177441.297
000029.SZ,20250210,14.14,15.57,14.14,15.57,117130.04,176863.363
000029.SZ,20250207,13.75,14.29,13.52,14.15,73197.88,102925.274
000029.SZ,20250206,14.13,14.17,13.71,13.76,53835.96,74578.605
000029.SZ,20250205,14.3,14.3,14.11,14.17,26171.07,37144.874
000029.SZ,20250127,14.22,14.48,14.17,14.2,36804.01,52649.366
000029.SZ,20250124,14.01,14.22,13.95,14.2,29915.33,42269.276
000029.SZ,20250123,14.06,14.4,14.04,14.06,41997.0,59750.26
000029.SZ,20250122,14.25,14.35,13.95,13.99,31037.01,43800.067
000029.SZ,20250121,14.32,14.75,14.32,14.36,48214.0,70060.476
000029.SZ,20250120,14.34,14.6,14.1,14.38,38219.53,55038.418
000029.SZ,20250117,14.19,14.43,14.12,14.34,22935.06,32822.687
000029.SZ,20250116,14.28,14.55,14.15,14.23,25196.06,36117.743
000029.SZ,20250115,14.31,14.32,14.11,14.23,25335.0,36019.446
000029.SZ,20250114,14.07,14.37,13.93,14.3,32200.01,45692.238
000029.SZ,20250113,13.75,14.06,13.63,13.97,25133.68,34896.669
000029.SZ,20250110,14.47,14.47,13.9,13.95,32151.61,45412.475
000029.SZ,20250109,14.65,14.67,14.3,14.3,25852.0,37410.695
000029.SZ,20250108,14.51,14.6,14.07,14.55,33340.0,47891.938
000029.SZ,20250107,14.21,14.54,14.21,14.52,24698.89,35624.345
000029.SZ,20250106,14.27,14.46,13.99,14.29,38617.81,55114.394
000029.SZ,20250103,14.86,15.04,14.2,14.27,45570.07,66272.24
000029.SZ,20250102,15.05,15.67,14.66,14.81,56121.36,85202.576
000029.SZ,20241231,15.35,15.58,15.03,15.06,30183.98,46015.3
000029.SZ,20241230,15.41,15.41,14.97,15.35,34795.46,52766.004
000029.SZ,20241227,15.04,15.55,15.01,15.41,35336.96,54156.549
000029.SZ,20241226,15.21,15.38,14.98,15.06,28551.1,43107.344
000029.SZ,20241225,15.45,15.51,15.08,15.24,28160.4,42798.101
000029.SZ,20241224,15.33,15.69,15.18,15.44,44517.4,68487.869
000029.SZ,20241223,15.83,15.85,15.26,15.28,42771.02,66006.601
000029.SZ,20241220,15.67,15.95,15.54,15.83,33558.0,53036.082
000029.SZ,20241219,15.76,15.9,15.59,15.67,33333.75,52327.538
000029.SZ,20241218,15.72,16.05,15.66,15.89,33495.57,53213.297
000029.SZ,20241217,16.13,16.24,15.65,15.72,46909.0,74524.703
000029.SZ,20241216,16.19,16.33,16.01,16.12,34441.44,55617.61
000029.SZ,20241213,16.68,16.68,16.11,16.19,50666.52,82444.456
000029.SZ,20241212,16.36,16.75,16.18,16.7,49780.0,82312.251
000029.SZ,20241211,16.01,16.6,16.01,16.39,50608.44,82941.763
000029.SZ,20241210,16.6,16.88,16.09,16.14,70642.0,116234.076
000029.SZ,20241209,16.64,16.7,15.93,16.0,64738.54,105014.398
000029.SZ,20241206,16.63,16.77,16.34,16.73,47966.62,79703.031
000029.SZ,20241205,16.63,16.69,16.35,16.58,45679.43,75322.143
000029.SZ,20241204,16.83,17.11,16.55,16.62,69001.28,115964.26
000029.SZ,20241203,16.51,17.08,16.41,17.0,87943.31,147813.761
000029.SZ,20241202,16.0,16.64,15.76,16.49,81712.69,133880.148
000029.SZ,20241129,15.85,16.15,15.34,16.03,83920.84,132368.023
000029.SZ,20241128,15.95,16.5,15.68,15.93,107091.01,173119.219
000029.SZ,20241127,15.63,15.68,15.11,15.65,47051.01,72359.745
000029.SZ,20241126,15.68,16.43,15.6,15.73,69642.01,111392.006
000029.SZ,20241125,15.16,15.86,14.92,15.69,80279.84,123392.758
000029.SZ,20241122,15.66,15.81,15.2,15.23,63202.1,98439.849
000029.SZ,20241121,15.68,15.79,15.45,15.65,52073.15,81302.669
000029.SZ,20241120,15.66,15.85,15.51,15.74,54526.32,85695.719
000029.SZ,20241119,15.65,15.78,15.3,15.72,75632.96,117584.473
000029.SZ,20241118,16.57,16.8,15.5,15.65,100929.47,161799.359
000029.SZ,20241115,16.5,16.93,16.16,16.17,62106.8,102390.397
000029.SZ,20241114,17.55,17.56,16.66,16.77,86565.02,146204.957
000029.SZ,20241113,17.58,17.88,16.9,17.09,96092.99,165697.807
000029.SZ,20241112,17.56,18.14,17.53,17.75,109217.5,194167.083
000029.SZ,20241111,17.67,17.78,17.19,17.47,122462.75,213431.852
000029.SZ,20241108,18.65,19.13,17.68,17.74,186425.72,341250.45
000029.SZ,20241107,18.11,19.15,18.0,18.65,152666.18,284971.653
000029.SZ,20241106,17.8,18.6,17.5,18.35,176853.13,318117.583
000029.SZ,20241105,16.68,17.96,16.47,17.62,179495.79,313628.653
000029.SZ,20241104,16.83,17.24,16.39,16.7,137440.78,229499.453
000029.SZ,20241101,18.2,18.76,16.56,16.97,295519.86,515779.219
000029.SZ,20241031,16.4,18.04,16.39,18.04,208429.77,371909.562
000029.SZ,20241030,16.09,16.54,15.81,16.4,155145.1,251865.972
000029.SZ,20241029,15.95,16.7,15.71,16.02,204328.28,331216.582
000029.SZ,20241028,15.53,16.1,15.51,15.95,178696.67,283720.132
000029.SZ,20241025,15.37,16.27,15.25,15.69,288510.08,457238.441
000029.SZ,20241024,14.32,15.9,14.21,15.32,334499.25,517164.023
000029.SZ,20241023,14.43,14.88,14.39,14.45,105758.0,154542.819
000029.SZ,20241022,14.3,14.96,14.2,14.54,151392.66,221429.47
000029.SZ,20241021,13.93,14.38,13.83,14.23,114765.91,162690.653
000029.SZ,20241018,13.65,14.24,13.5,14.11,142496.2,200032.134
000029.SZ,20241017,14.63,14.64,13.71,13.74,166371.23,234217.66
000029.SZ,20241016,13.69,14.63,13.68,14.6,196458.83,280226.391
000029.SZ,20241015,13.9,14.28,13.7,13.75,128697.73,180329.615
000029.SZ,20241014,14.06,14.29,13.72,14.12,129250.95,181393.711
000029.SZ,20241011,14.0,14.31,13.56,13.84,130590.01,182777.55
000029.SZ,20241010,13.81,14.47,13.81,13.99,182872.53,258211.993
000029.SZ,20241009,14.94,14.94,14.0,14.0,333675.93,478482.774
000029.SZ,20241008,17.5,17.99,15.19,15.55,550063.25,911741.791
000029.SZ,20240930,16.5,17.28,15.31,16.57,564128.24,937841.879
000029.SZ,20240927,14.94,15.71,14.7,15.71,234017.27,358200.339
000029.SZ,20240926,12.95,14.28,12.95,14.28,121933.99,170520.473
000029.SZ,20240925,12.9,13.2,12.76,12.98,71995.88,93604.591
000029.SZ,20240924,12.47,12.99,12.2,12.86,86997.43,109719.209
000029.SZ,20240923,12.0,12.38,11.95,12.27,49267.91,60109.933
000029.SZ,20240920,11.7,12.07,11.61,12.0,61826.0,73596.932
000029.SZ,20240919,11.7,11.85,11.58,11.76,47605.86,55849.572
000029.SZ,20240918,11.37,11.7,11.35,11.7,52530.45,60783.695
000029.SZ,20240913,11.23,11.49,11.19,11.37,41467.0,47210.022
000029.SZ,20240912,11.1,11.3,11.06,11.16,22434.97,25147.826
000029.SZ,20240911,11.22,11.3,11.05,11.14,30193.0,33658.066
000029.SZ,20240910,11.33,11.47,11.14,11.26,24559.88,27703.877
000029.SZ,20240909,11.19,11.45,11.06,11.33,32798.25,37086.769
000029.SZ,20240906,11.12,11.28,11.1,11.18,22465.25,25142.747
000029.SZ,20240905,10.96,11.23,10.93,11.19,31316.0,34887.113
000029.SZ,20240904,11.01,11.22,10.88,10.9,28974.2,32039.073
000029.SZ,20240903,10.86,11.16,10.83,11.06,27916.0,30749.107
000029.SZ,20240902,11.06,11.08,10.84,10.91,33231.29,36394.12
000029.SZ,20240830,10.74,11.31,10.73,11.13,50169.0,55730.547
000029.SZ,20240829,10.49,10.8,10.49,10.8,24228.0,25919.483
000029.SZ,20240828,10.63,10.67,10.53,10.57,15748.0,16690.0
000029.SZ,20240827,10.52,10.64,10.49,10.63,18859.25,19910.085
000029.SZ,20240826,10.61,10.73,10.4,10.66,24365.66,25845.787
000029.SZ,20240823,10.48,10.64,10.43,10.63,17958.04,18969.617
000029.SZ,20240822,10.6,10.74,10.49,10.52,15205.72,16104.561
000029.SZ,20240821,10.56,10.7,10.52,10.61,15629.21,16605.222
000029.SZ,20240820,10.82,10.82,10.49,10.56,19468.66,20633.437
000029.SZ,20240819,10.71,10.85,10.57,10.78,16888.01,18120.8
000029.SZ,20240816,10.82,10.88,10.67,10.69,18109.0,19436.4
000029.SZ,20240815,10.57,10.92,10.5,10.85,30151.0,32486.219
000029.SZ,20240814,10.56,10.71,10.56,10.62,14952.05,15924.62
000029.SZ,20240813,10.57,10.65,10.45,10.63,21046.0,22229.557
000029.SZ,20240812,10.91,11.04,10.57,10.6,36353.25,39043.424
000029.SZ,20240809,10.59,11.25,10.5,11.06,64889.51,71308.557
000029.SZ,20240808,11.15,11.29,10.68,10.86,68674.47,75037.007
000029.SZ,20240807,10.75,10.84,10.52,10.78,27585.86,29468.098
000029.SZ,20240806,10.56,10.75,10.43,10.74,27650.05,29370.642
000029.SZ,20240805,10.52,10.75,10.38,10.38,30284.17,32070.266
000029.SZ,20240802,10.56,10.85,10.48,10.6,35368.0,37722.4
000029.SZ,20240801,10.71,10.8,10.43,10.57,28808.77,30466.866
000029.SZ,20240731,10.44,10.68,10.43,10.68,24925.75,26451.712
000029.SZ,20240730,10.2,10.49,10.19,10.45,17512.09,18132.447
000029.SZ,20240729,10.4,10.45,10.21,10.27,14630.38,15029.762
000029.SZ,20240726,10.39,10.47,10.3,10.42,16432.25,17074.094
000029.SZ,20240725,10.0,10.33,10.0,10.32,20332.4,20756.635
000029.SZ,20240724,10.32,10.34,10.04,10.09,20290.0,20636.635
000029.SZ,20240723,10.34,10.56,10.28,10.32,24760.85,25811.908
000029.SZ,20240722,10.2,10.38,10.12,10.32,20050.32,20609.04
000029.SZ,20240719,10.4,10.4,10.11,10.2,23458.56,23922.46
000029.SZ,20240718,10.4,10.46,10.28,10.42,20230.44,20971.719
000029.SZ,20240717,10.31,10.66,10.25,10.48,30378.0,31758.888
000029.SZ,20240716,10.34,10.4,10.19,10.29,25860.0,26617.782
000029.SZ,20240715,10.65,10.71,10.36,10.41,28789.0,30188.114
000029.SZ,20240712,10.61,10.98,10.6,10.67,32166.12,34632.66
000029.SZ,20240711,10.59,10.71,10.48,10.58,18652.44,19783.712
000029.SZ,20240710,10.61,10.61,10.37,10.42,23645.12,24821.474
000029.SZ,20240709,10.6,10.73,10.35,10.62,25472.0,26867.732
000029.SZ,20240708,10.87,10.9,10.59,10.62,21608.0,23128.004
000029.SZ,20240705,10.81,11.03,10.81,10.86,17920.0,19523.807
000029.SZ,20240704,11.35,11.37,10.88,10.95,30088.93,33448.248
000029.SZ,20240703,11.07,11.41,11.03,11.37,27870.25,31524.582
000029.SZ,20240702,10.91,11.2,10.81,11.09,29855.0,33030.356
000029.SZ,20240701,10.82,11.11,10.75,10.91,49797.0,54459.642
000029.SZ,20240628,10.52,10.84,10.52,10.63,22988.99,24630.866
000029.SZ,20240627,10.82,10.93,10.62,10.68,24499.4,26378.971
000029.SZ,20240626,10.64,10.84,10.56,10.8,24484.96,26302.834
000029.SZ,20240625,10.43,10.84,10.32,10.64,28956.94,30712.102
000029.SZ,20240624,10.72,10.75,10.31,10.39,26121.46,27411.34
000029.SZ,20240621,10.79,10.92,10.69,10.77,18853.5,20328.449
000029.SZ,20240620,11.01,11.03,10.77,10.83,23966.65,26057.001
000029.SZ,20240619,11.07,11.13,10.95,10.97,18200.0,20063.628
000029.SZ,20240618,10.85,11.09,10.85,11.07,24348.0,26811.766
000029.SZ,20240617,11.03,11.15,10.96,10.97,18943.65,20914.854
000029.SZ,20240614,10.99,11.17,10.91,11.12,25258.55,27921.589
000029.SZ,20240613,11.16,11.2,10.9,10.98,20007.0,21994.007
000029.SZ,20240612,11.39,11.41,11.07,11.09,22888.01,25658.942
000029.SZ,20240611,11.35,11.41,11.09,11.35,23968.13,27021.463
000029.SZ,20240607,11.19,11.38,11.18,11.34,25049.0,28276.497
000029.SZ,20240606,11.47,11.62,11.04,11.2,32220.51,36245.355
000029.SZ,20240605,11.75,11.87,11.52,11.53,20731.0,24159.161
000029.SZ,20240604,11.51,11.83,11.43,11.8,37336.0,43572.493
000029.SZ,20240603,11.8,11.81,11.48,11.6,32273.0,37498.216
000029.SZ,20240531,11.62,11.97,11.62,11.87,36976.33,43764.122
000029.SZ,20240530,11.7,11.74,11.5,11.62,45272.93,52585.011
000029.SZ,20240529,11.79,12.08,11.79,11.86,37620.44,44823.54
000029.SZ,20240528,12.04,12.1,11.75,11.79,27877.0,33054.295
000029.SZ,20240527,11.92,11.99,11.75,11.94,31429.05,37160.686
000029.SZ,20240524,12.08,12.11,11.85,11.94,34057.25,40831.017
000029.SZ,20240523,12.18,12.29,12.0,12.09,56178.17,68118.873
000029.SZ,20240522,12.35,12.63,12.27,12.27,61206.38,76203.716
000029.SZ,20240521,12.31,12.49,12.2,12.32,56617.96,69706.229
000029.SZ,20240520,12.47,12.51,12.13,12.29,106544.79,130937.883
000029.SZ,20240517,12.17,12.69,12.03,12.62,125538.09,155201.382
000029.SZ,20240516,11.99,12.21,11.8,12.1,70978.97,85780.028
000029.SZ,20240515,11.84,12.09,11.83,11.85,52084.4,62294.708
000029.SZ,20240514,11.87,12.08,11.75,11.9,58702.67,69815.741
000029.SZ,20240513,11.38,12.11,11.12,11.85,106473.0,125090.733
000029.SZ,20240510,11.16,11.51,11.06,11.41,56102.22,63349.832
000029.SZ,20240509,11.07,11.23,11.04,11.08,31743.01,35299.742
000029.SZ,20240508,11.41,11.43,11.06,11.08,51020.84,57160.794
000029.SZ,20240507,11.3,11.56,11.16,11.46,87299.92,99162.545
000029.SZ,20240506,12.01,12.22,11.38,11.38,128013.98,150148.461
000029.SZ,20240430,11.38,11.56,11.28,11.56,51592.58,58995.979
000029.SZ,20240429,10.85,11.54,10.83,11.5,71065.07,80090.33
000029.SZ,20240426,10.3,10.8,10.3,10.78,39140.1,41568.408
000029.SZ,20240425,10.15,10.45,10.13,10.35,18525.77,19151.801
000029.SZ,20240424,10.36,10.36,10.14,10.2,18718.3,19086.552
000029.SZ,20240423,10.17,10.38,10.17,10.3,18830.4,19377.768
000029.SZ,20240422,10.15,10.29,10.0,10.22,19989.53,20328.6
000029.SZ,20240419,10.35,10.38,10.02,10.17,25839.2,26419.846
000029.SZ,20240418,10.47,10.55,10.34,10.41,27235.0,28450.633
000029.SZ,20240417,10.2,10.54,10.2,10.54,32694.76,34090.2
000029.SZ,20240416,10.46,10.58,10.09,10.17,31635.73,32338.758
000029.SZ,20240415,10.89,10.9,10.1,10.48,37923.6,39508.729
000029.SZ,20240412,11.0,11.02,10.76,10.77,20116.97,21868.318
000029.SZ,20240411,10.81,11.11,10.77,11.0,20609.0,22643.064
000029.SZ,20240410,11.01,11.11,10.82,10.9,26425.05,28932.749
000029.SZ,20240409,10.98,11.11,10.9,11.09,20046.11,22063.802
000029.SZ,20240408,11.1,11.26,10.88,10.98,33471.62,36971.19
000029.SZ,20240403,11.24,11.24,11.01,11.16,20251.25,22553.343
000029.SZ,20240402,11.28,11.39,11.13,11.24,31249.09,35150.309
000029.SZ,20240401,11.07,11.27,11.01,11.27,32319.35,36181.073
000029.SZ,20240329,11.03,11.04,10.78,11.04,24753.45,27095.187
000029.SZ,20240328,10.96,11.13,10.91,10.94,37641.43,41542.64
000029.SZ,20240327,11.23,11.23,10.9,10.95,35233.42,38995.617
000029.SZ,20240326,11.14,11.5,11.08,11.3,41474.47,46593.33
000029.SZ,20240325,11.08,11.49,11.02,11.13,35393.19,39810.951
000029.SZ,20240322,11.33,11.34,11.01,11.13,27664.45,30768.071
000029.SZ,20240321,11.35,11.39,11.23,11.28,20401.85,23070.064
000029.SZ,20240320,11.37,11.41,11.23,11.25,22371.96,25253.506
000029.SZ,20240319,11.5,11.52,11.33,11.36,27400.0,31263.547
000029.SZ,20240318,11.56,11.62,11.4,11.49,27957.21,32077.223
000029.SZ,20240315,11.49,11.57,11.43,11.57,23785.0,27379.025
000029.SZ,20240314,11.48,11.65,11.3,11.48,31099.66,35765.204
000029.SZ,20240313,11.63,11.69,11.35,11.49,52847.59,60720.201
000029.SZ,20240312,11.24,11.94,11.17,11.73,89458.2,104183.679
000029.SZ,20240311,11.2,11.2,10.9,11.17,31905.85,35358.761
000029.SZ,20240308,10.73,10.92,10.73,10.91,18085.5,19588.077
000029.SZ,20240307,10.84,10.97,10.76,10.8,20594.89,22412.222
000029.SZ,20240306,11.1,11.1,10.83,10.87,27950.81,30603.347
000029.SZ,20240305,10.99,11.09,10.77,11.05,32612.59,35739.535
000029.SZ,20240304,11.28,11.33,10.89,11.05,47782.0,52789.038
000029.SZ,20240301,11.23,11.39,11.03,11.39,47854.01,53923.486
000029.SZ,20240229,11.1,11.45,11.04,11.25,32968.15,37123.233
000029.SZ,20240228,11.7,11.85,11.08,11.1,55773.08,64499.524
000029.SZ,20240227,11.4,11.71,11.26,11.69,42821.6,49472.179
000029.SZ,20240226,11.34,11.54,11.3,11.34,42122.01,48009.618
000029.SZ,20240223,11.53,11.65,11.37,11.5,38137.98,43758.59
000029.SZ,20240222,11.79,11.86,11.41,11.6,56542.53,65625.902
000029.SZ,20240221,11.4,11.98,11.25,11.84,81811.7,96056.22
000029.SZ,20240220,11.18,11.47,11.02,11.41,61483.16,69208.564
000029.SZ,20240219,10.8,11.59,10.75,11.29,83626.69,93867.983
000029.SZ,20240208,10.78,11.08,10.52,10.87,110027.46,119126.492
000029.SZ,20240207,10.49,11.0,10.18,10.43,133127.01,140884.692
000029.SZ,20240206,10.67,11.06,9.51,10.64,161093.44,164871.916
000029.SZ,20240205,11.3,11.75,10.54,10.56,211742.05,235884.052
000029.SZ,20240202,10.22,11.13,10.15,11.13,85730.94,94578.071
000029.SZ,20240201,10.39,10.5,9.93,10.12,54495.81,55583.344
000029.SZ,20240131,10.92,11.01,10.31,10.37,65432.0,69106.923
000029.SZ,20240130,11.3,11.62,10.88,10.92,75786.0,85255.044
000029.SZ,20240129,11.71,12.2,11.45,11.47,118269.0,139641.089
000029.SZ,20240126,11.2,12.31,11.2,11.89,140012.13,165359.062
000029.SZ,20240125,10.54,11.35,10.42,11.2,65112.5,71165.917
000029.SZ,20240124,9.96,10.56,9.95,10.56,68850.33,70842.663
000029.SZ,20240123,9.87,10.04,9.67,9.98,38906.63,38393.579
000029.SZ,20240122,10.52,10.55,9.8,9.87,36497.43,37326.641
000029.SZ,20240119,10.41,10.8,10.35,10.58,39902.22,42328.226
000029.SZ,20240118,10.71,10.81,10.16,10.47,51331.93,53511.724
000029.SZ,20240117,11.1,11.18,10.82,10.84,29470.0,32330.488
000029.SZ,20240116,11.33,11.37,11.01,11.14,25055.0,28001.075
000029.SZ,20240115,11.15,11.31,11.01,11.26,23585.07,26397.372
000029.SZ,20240112,11.2,11.36,11.17,11.22,18892.52,21263.685
000029.SZ,20240111,11.15,11.24,11.06,11.2,21252.0,23717.165
000029.SZ,20240110,11.1,11.31,10.88,11.16,32292.88,35955.977
000029.SZ,20240109,11.21,11.29,11.07,11.08,22796.89,25434.624
000029.SZ,20240108,11.49,11.53,11.11,11.18,34952.0,39340.3
000029.SZ,20240105,11.57,11.59,11.32,11.38,23524.51,26936.07
000029.SZ,20240104,11.58,11.58,11.35,11.5,26330.0,30142.258
000029.SZ,20240103,11.5,11.64,11.43,11.53,17657.0,20387.582
000029.SZ,20240102,11.84,11.84,11.51,11.52,23528.93,27295.43
000029.SZ,20231229,11.64,11.86,11.6,11.76,23283.0,27398.646
000029.SZ,20231228,11.4,11.79,11.24,11.65,32333.8,37325.041
000029.SZ,20231227,11.24,11.47,11.2,11.45,24619.55,27996.017
000029.SZ,20231226,11.5,11.5,11.2,11.21,23534.0,26627.248
000029.SZ,20231225,11.49,11.6,11.3,11.42,22169.01,25289.239
000029.SZ,20231222,11.62,11.72,11.42,11.5,28123.15,32407.344
000029.SZ,20231221,11.55,11.74,11.48,11.62,28909.2,33548.311
000029.SZ,20231220,11.89,11.93,11.59,11.6,30234.62,35442.819
000029.SZ,20231219,11.96,12.08,11.76,11.89,31636.39,37682.131
000029.SZ,20231218,12.25,12.4,11.88,11.91,56521.42,68558.07
000029.SZ,20231215,12.65,12.7,12.23,12.35,67815.93,84232.872
000029.SZ,20231214,12.29,12.45,12.27,12.29,34685.93,42838.328
000029.SZ,20231213,12.29,12.42,12.21,12.25,23991.0,29530.27
000029.SZ,20231212,12.08,12.38,12.08,12.34,43126.96,52932.18
000029.SZ,20231211,12.18,12.2,11.92,12.12,42520.8,51198.296
000029.SZ,20231208,12.12,12.32,12.01,12.17,37356.45,45629.178
000029.SZ,20231207,12.34,12.59,12.31,12.34,43145.24,53765.855
000029.SZ,20231206,12.31,12.48,12.28,12.34,27663.0,34217.338
000029.SZ,20231205,12.41,12.5,12.21,12.36,40122.94,49668.843
000029.SZ,20231204,12.7,12.85,12.3,12.38,54192.06,67556.782
000029.SZ,20231201,12.73,12.94,12.58,12.79,66714.65,85029.973
000029.SZ,20231130,12.5,12.9,12.44,12.76,83048.5,105243.088
000029.SZ,20231129,12.39,12.55,12.33,12.37,52962.67,65874.319
000029.SZ,20231128,12.3,12.57,12.19,12.46,57716.58,71654.629
000029.SZ,20231127,12.6,12.78,12.2,12.29,89388.24,110607.877
000029.SZ,20231124,12.89,13.38,12.74,12.78,113522.0,147111.677
000029.SZ,20231123,12.69,13.4,12.35,13.08,277797.99,360286.741
000029.SZ,20231122,12.56,13.76,12.56,13.61,347124.52,467476.974
000029.SZ,20231121,12.44,12.67,12.3,12.51,75606.22,94889.212
000029.SZ,20231120,12.47,12.56,12.26,12.3,50698.1,62940.881
000029.SZ,20231117,12.3,12.53,12.18,12.46,57000.6,70437.641
000029.SZ,20231116,12.05,12.48,11.95,12.3,62480.96,76567.261
000029.SZ,20231115,12.23,12.35,12.03,12.1,47427.0,57783.873
000029.SZ,20231114,11.82,12.26,11.8,12.18,51034.51,61713.839
000029.SZ,20231113,11.85,11.96,11.71,11.85,35425.55,41840.118
000029.SZ,20231110,11.82,12.03,11.74,11.92,39877.0,47458.373
000029.SZ,20231109,12.06,12.09,11.83,11.87,31164.68,37178.693
000029.SZ,20231108,12.05,12.29,11.92,12.03,51400.54,62254.559
000029.SZ,20231107,12.09,12.21,11.83,12.04,64987.97,78101.911
000029.SZ,20231106,11.72,12.79,11.67,12.1,127208.9,156078.169
000029.SZ,20231103,11.47,11.88,11.47,11.72,33795.0,39463.509
000029.SZ,20231102,11.62,11.66,11.36,11.52,33983.0,39047.486
000029.SZ,20231101,12.0,12.03,11.57,11.61,43648.73,51247.756
000029.SZ,20231031,12.0,12.14,11.8,11.98,79952.95,95511.24
000029.SZ,20231030,10.9,12.0,10.9,11.95,94627.61,110250.205
000029.SZ,20231027,10.7,11.12,10.67,11.06,30370.6,33289.428
000029.SZ,20231026,10.94,10.97,10.74,10.77,27404.5,29610.85
000029.SZ,20231025,10.9,11.1,10.89,10.98,30558.18,33655.441
000029.SZ,20231024,10.7,10.91,10.6,10.83,31700.0,34178.559
000029.SZ,20231023,11.1,11.2,10.59,10.7,53138.0,57657.226
000029.SZ,20231020,11.01,11.3,11.01,11.18,29600.0,33145.957
000029.SZ,20231019,11.2,11.3,11.1,11.14,17971.74,20116.748
000029.SZ,20231018,11.4,11.41,11.16,11.2,18587.0,20943.134
000029.SZ,20231017,11.56,11.65,11.36,11.44,22831.0,26123.487
000029.SZ,20231016,11.81,11.89,11.58,11.58,29126.19,34039.877
000029.SZ,20231013,11.5,12.14,11.5,11.85,54567.08,64585.627
000029.SZ,20231012,11.2,11.61,11.1,11.55,38913.25,44267.233
000029.SZ,20231011,11.24,11.4,10.99,11.19,38177.9,42665.982
000029.SZ,20231010,11.25,11.37,11.16,11.24,27176.09,30629.661
000029.SZ,20231009,11.86,11.86,11.02,11.18,74612.94,84087.766
000029.SZ,20230928,11.81,12.0,11.7,11.96,34330.51,40779.888
000029.SZ,20230927,11.62,11.87,11.58,11.7,22356.45,26268.512
000029.SZ,20230926,11.76,11.8,11.67,11.67,14106.0,16556.074
000029.SZ,20230925,11.87,11.91,11.69,11.74,20746.26,24432.968
000029.SZ,20230922,11.69,11.92,11.65,11.88,23710.0,27985.475
000029.SZ,20230921,11.81,11.99,11.7,11.75,23839.01,28202.849
000029.SZ,20230920,11.74,11.98,11.68,11.83,22989.1,27244.476
000029.SZ,20230919,11.7,11.8,11.59,11.75,26541.4,31125.324
000029.SZ,20230918,11.82,11.85,11.57,11.63,46044.93,53798.835
000029.SZ,20230915,11.67,11.97,11.61,11.86,47557.97,56251.341
000029.SZ,20230914,11.72,11.81,11.55,11.63,19546.51,22807.14
000029.SZ,20230913,11.58,11.78,11.58,11.73,32914.51,38455.66
000029.SZ,20230912,11.63,11.76,11.5,11.57,26876.3,31200.637
000029.SZ,20230911,11.38,11.8,11.28,11.68,44074.44,51230.488
000029.SZ,20230908,11.63,11.63,11.31,11.36,36843.0,42004.58
000029.SZ,20230907,11.74,11.89,11.61,11.62,38899.73,45729.556
000029.SZ,20230906,11.73,11.88,11.55,11.86,42901.0,50370.37
000029.SZ,20230905,11.65,11.95,11.4,11.72,54326.97,63829.553
000029.SZ,20230904,11.63,11.84,11.53,11.71,45646.02,53281.91
000029.SZ,20230901,11.92,12.09,11.55,11.61,70813.35,83133.966
000029.SZ,20230831,12.7,12.82,11.81,11.83,176868.41,214196.999
000029.SZ,20230830,12.85,12.98,12.55,12.69,114149.22,145500.912
000029.SZ,20230829,12.15,13.2,12.08,12.92,203758.84,258965.241
000029.SZ,20230828,12.4,12.91,12.03,12.2,166967.73,208849.67
000029.SZ,20230825,11.86,11.96,11.73,11.75,41585.96,49212.935
000029.SZ,20230824,12.11,12.11,11.6,11.86,47010.01,55456.461
000029.SZ,20230823,12.02,12.41,11.9,12.11,62413.54,75983.891
000029.SZ,20230822,12.05,12.15,11.83,12.14,50891.19,60972.65
000029.SZ,20230821,12.01,12.3,11.95,11.96,58361.02,70459.366
000029.SZ,20230818,12.7,12.74,12.14,12.17,78598.26,97421.759
000029.SZ,20230817,12.59,12.75,12.38,12.63,99525.83,124689.118
000029.SZ,20230816,12.6,13.12,12.37,12.82,185437.54,236662.71
000029.SZ,20230815,12.32,12.6,12.18,12.51,140948.22,174774.801
000029.SZ,20230814,11.97,12.55,11.73,12.5,205576.4,251598.086
000029.SZ,20230811,12.48,13.01,12.12,12.86,327170.24,413394.408
000029.SZ,20230810,11.52,12.35,11.49,11.84,127734.77,153366.498
000029.SZ,20230809,11.69,11.75,11.49,11.54,27463.95,31826.518
000029.SZ,20230808,11.86,11.96,11.61,11.65,29810.76,34984.543
000029.SZ,20230807,12.07,12.07,11.7,11.78,46467.06,54861.927
000029.SZ,20230804,12.38,12.49,11.99,12.01,61638.87,74622.784
000029.SZ,20230803,12.02,12.27,11.82,12.2,70549.66,85298.474
000029.SZ,20230802,12.06,12.3,11.93,12.05,57720.81,70126.655
000029.SZ,20230801,12.01,12.18,11.8,11.92,62445.47,75013.513
000029.SZ,20230731,12.08,12.32,11.95,12.03,96583.47,117338.857
000029.SZ,20230728,11.8,12.04,11.73,11.91,64275.91,76398.042
000029.SZ,20230727,11.7,11.98,11.47,11.73,71525.23,84375.207
000029.SZ,20230726,11.78,12.0,11.67,11.82,91450.2,108323.989
000029.SZ,20230725,11.35,11.79,11.31,11.71,75842.6,88346.607
000029.SZ,20230724,11.41,11.43,11.13,11.24,35265.0,39740.065
000029.SZ,20230721,11.17,11.42,11.1,11.34,47688.5,53914.855
000029.SZ,20230720,11.02,11.35,11.0,11.2,42601.97,47723.542
000029.SZ,20230719,10.86,11.08,10.79,11.07,23197.82,25499.727
000029.SZ,20230718,10.85,10.95,10.68,10.86,16714.29,18030.937
000029.SZ,20230717,10.89,10.94,10.8,10.9,14227.67,15443.098
000029.SZ,20230714,11.02,11.11,10.94,11.0,17021.53,18729.605
000029.SZ,20230713,10.87,11.11,10.87,11.02,21309.0,23526.098
000029.SZ,20230712,11.11,11.15,10.8,10.89,30661.51,33480.811
000029.SZ,20230711,11.48,11.55,11.07,11.11,35521.83,39989.802
000029.SZ,20230710,10.95,11.33,10.93,11.22,45556.18,50845.021
000029.SZ,20230707,10.8,11.0,10.76,10.95,26855.98,29313.568
000029.SZ,20230706,10.99,10.99,10.71,10.89,31643.68,34289.423
000029.SZ,20230705,10.76,10.99,10.75,10.88,25416.58,27693.067
000029.SZ,20230704,10.88,10.92,10.63,10.76,20742.07,22273.491
000029.SZ,20230703,11.06,11.06,10.83,10.87,24738.63,27038.201
000029.SZ,20230630,10.68,10.86,10.63,10.81,31705.77,34207.847
000029.SZ,20230629,10.86,10.87,10.5,10.54,38692.61,41056.418
000029.SZ,20230628,11.14,11.15,10.75,10.84,31141.29,33937.804
000029.SZ,20230627,10.79,11.31,10.79,11.09,37207.49,41506.843
000029.SZ,20230626,11.0,11.02,10.79,10.79,23564.4,25726.217
000029.SZ,20230621,11.09,11.27,10.94,10.97,33252.55,37114.103
000029.SZ,20230620,11.26,11.35,11.0,11.07,29825.0,33276.263
000029.SZ,20230619,11.53,11.59,11.2,11.24,45883.75,52232.047
000029.SZ,20230616,11.62,11.79,11.53,11.58,44641.67,52127.04
000029.SZ,20230615,11.64,11.8,11.55,11.62,38477.0,45071.509
000029.SZ,20230614,11.91,11.97,11.59,11.64,48011.66,56632.391
000029.SZ,20230613,11.94,12.19,11.89,11.91,44842.0,54096.668
000029.SZ,20230612,12.02,12.23,11.7,11.98,74835.07,89921.052
000029.SZ,20230609,11.77,12.44,11.49,12.26,122685.42,148896.339
000029.SZ,20230608,11.67,12.06,11.61,11.77,68367.99,81536.609
000029.SZ,20230607,11.66,12.06,11.57,11.77,69962.06,83166.7
000029.SZ,20230606,11.31,11.88,11.31,11.78,83641.18,98425.057
000029.SZ,20230605,11.68,11.73,11.24,11.4,46475.46,53096.37
000029.SZ,20230602,11.47,11.9,11.33,11.64,64854.78,75923.422
000029.SZ,20230601,11.34,11.66,11.34,11.39,34931.26,40269.156
000029.SZ,20230531,10.99,11.7,10.94,11.45,56026.44,63869.373
000029.SZ,20230530,11.11,11.16,10.86,11.14,34573.51,38309.12
000029.SZ,20230529,11.28,11.42,10.86,11.07,44614.27,49899.687
000029.SZ,20230526,11.2,11.5,11.14,11.29,51436.19,58491.661
000029.SZ,20230525,10.74,11.54,10.56,11.3,73397.81,82331.161
000029.SZ,20230524,11.06,11.18,10.65,10.66,46029.49,49941.346
000029.SZ,20230523,11.07,11.44,10.94,11.14,75081.11,84649.692
000029.SZ,20230522,10.24,11.32,10.03,10.99,92707.37,99873.199
000029.SZ,20230519,10.84,10.91,10.0,10.3,80627.58,83443.581
000029.SZ,20230518,11.12,11.16,10.93,10.96,36875.02,40863.044
000029.SZ,20230517,11.24,11.29,11.07,11.14,32531.5,36522.446
000029.SZ,20230516,11.63,11.64,11.22,11.28,53712.78,61322.556
000029.SZ,20230515,11.74,11.84,11.4,11.63,83114.54,97146.125
000029.SZ,20230512,12.17,12.54,11.94,11.99,110614.6,134555.462
000029.SZ,20230511,11.52,12.81,11.36,12.54,188858.0,228520.273
000029.SZ,20230510,10.58,11.67,10.45,11.67,92193.27,104739.179
000029.SZ,20230509,10.68,10.83,10.61,10.61,26902.02,29001.76
000029.SZ,20230508,10.84,10.96,10.57,10.74,30329.08,32652.767
000029.SZ,20230505,10.66,11.06,10.66,10.97,54077.96,59171.903
000029.SZ,20230504,10.78,11.0,10.64,10.71,34581.58,37616.118
000029.SZ,20230428,10.68,10.81,10.67,10.79,19350.0,20898.081
000029.SZ,20230427,10.64,10.78,10.61,10.68,23399.19,25184.104
000029.SZ,20230426,10.4,10.82,10.28,10.71,27963.06,29904.2
000029.SZ,20230425,10.73,10.81,10.22,10.45,44603.63,46860.555
000029.SZ,20230424,11.01,11.09,10.69,10.75,35884.82,38953.485
000029.SZ,20230421,11.19,11.46,11.04,11.04,30813.15,34885.588
000029.SZ,20230420,11.33,11.37,11.12,11.14,29098.95,32803.948
000029.SZ,20230419,11.43,11.46,11.29,11.36,18228.01,20836.319
000029.SZ,20230418,11.62,11.63,11.3,11.44,27970.74,32077.779
000029.SZ,20230417,11.71,11.75,11.57,11.57,20822.71,24384.818
000029.SZ,20230414,11.78,11.89,11.64,11.8,25686.1,30345.972
000029.SZ,20230413,11.64,11.97,11.52,11.78,43933.97,52071.591
000029.SZ,20230412,11.68,11.81,11.55,11.64,24646.56,28853.314
000029.SZ,20230411,11.63,11.73,11.45,11.68,23011.25,26846.896
000029.SZ,20230410,11.76,11.76,11.5,11.53,32426.0,37899.982
000029.SZ,20230407,11.54,11.82,11.44,11.75,47950.1,56295.973
000029.SZ,20230406,11.44,11.51,11.12,11.42,34027.28,38935.612
000029.SZ,20230404,11.88,11.91,11.44,11.44,50274.01,58527.458
000029.SZ,20230403,11.83,11.98,11.74,11.88,28661.77,34215.864
000029.SZ,20230331,11.94,11.99,11.79,11.83,22113.22,26345.29
000029.SZ,20230330,11.79,11.92,11.7,11.82,16905.9,20062.93
000029.SZ,20230329,11.82,11.9,11.71,11.82,24893.83,29531.904
000029.SZ,20230328,11.91,12.12,11.79,11.85,33304.18,39944.536
000029.SZ,20230327,12.14,12.14,11.71,11.85,37446.0,44601.363
000029.SZ,20230324,12.06,12.22,11.93,12.1,37346.1,45273.193
000029.SZ,20230323,12.24,12.24,11.91,12.06,50357.32,60879.15
000029.SZ,20230322,12.5,12.55,12.2,12.25,42527.09,52645.614
000029.SZ,20230321,12.49,12.71,12.34,12.5,31221.97,39254.094
000029.SZ,20230320,12.29,12.91,12.26,12.5,69433.51,88292.752
000029.SZ,20230317,12.12,12.29,12.07,12.29,42168.96,51766.819
000029.SZ,20230316,12.42,12.42,12.04,12.07,33855.11,41578.472
000029.SZ,20230315,12.32,12.71,12.27,12.42,35202.41,44100.631
000029.SZ,20230314,12.58,12.58,12.12,12.24,53982.49,66787.024
000029.SZ,20230313,12.81,12.98,12.45,12.58,77698.0,99163.547
000029.SZ,20230310,12.59,13.28,12.47,13.07,107322.01,139525.775
000029.SZ,20230309,12.7,12.81,12.57,12.64,37436.0,47787.209
000029.SZ,20230308,12.89,12.92,12.61,12.67,56232.69,71785.714
000029.SZ,20230307,12.93,13.28,12.8,12.8,97628.37,128227.817
000029.SZ,20230306,12.92,13.01,12.69,12.86,73151.47,94495.44
000029.SZ,20230303,12.42,13.29,12.38,12.93,150643.84,194897.004
000029.SZ,20230302,12.26,12.62,12.13,12.42,72097.9,89550.637
000029.SZ,20230301,12.3,12.31,12.17,12.28,38509.86,47390.959
000029.SZ,20230228,12.17,12.32,12.12,12.27,36463.27,44790.902
000029.SZ,20230227,12.54,12.54,12.08,12.12,49310.65,60360.009
000029.SZ,20230224,12.49,12.58,12.25,12.42,50802.72,63255.477
000029.SZ,20230223,12.2,12.77,12.2,12.51,120667.01,152406.644
000029.SZ,20230222,12.18,12.45,12.1,12.16,71432.96,87743.062
000029.SZ,20230221,12.04,12.57,11.9,12.32,125226.41,153730.139
000029.SZ,20230220,11.7,11.85,11.6,11.82,40457.92,47751.516
000029.SZ,20230217,11.69,11.83,11.64,11.7,37440.59,44166.682
000029.SZ,20230216,12.0,12.18,11.64,11.69,60245.29,72206.941
000029.SZ,20230215,12.09,12.17,11.98,11.98,50761.31,61522.884
000029.SZ,20230214,12.29,12.52,12.12,12.14,66602.58,82287.938
000029.SZ,20230213,12.17,12.31,12.05,12.29,53348.0,65268.011
000029.SZ,20230210,12.12,12.3,12.06,12.3,45723.46,56157.192
000029.SZ,20230209,12.14,12.27,12.04,12.14,44272.43,54004.699
000029.SZ,20230208,12.21,12.39,12.11,12.2,53278.01,65600.731
000029.SZ,20230207,12.1,12.3,12.04,12.13,43983.0,53744.797
000029.SZ,20230206,12.24,12.29,12.04,12.13,45259.95,55332.073
000029.SZ,20230203,12.49,12.64,12.27,12.3,52062.04,64897.507
000029.SZ,20230202,12.81,12.84,12.46,12.59,77277.19,98002.689
000029.SZ,20230201,12.79,12.96,12.61,12.92,67012.2,85914.199
000029.SZ,20230131,12.64,12.84,12.34,12.83,59099.0,75312.804
000029.SZ,20230130,12.85,12.89,12.59,12.66,55156.81,70340.105
000029.SZ,20230120,12.52,12.95,12.47,12.77,65448.13,83709.166
000029.SZ,20230119,12.41,12.63,12.18,12.43,45554.01,56963.073
000029.SZ,20230118,12.73,12.9,12.37,12.42,61960.24,78358.023
000029.SZ,20230117,12.36,12.92,12.26,12.75,103801.81,132520.198
000029.SZ,20230116,12.32,12.53,12.07,12.34,66661.87,82076.539
000029.SZ,20230113,12.37,12.58,12.19,12.53,51223.02,63928.31
000029.SZ,20230112,12.37,12.59,12.14,12.45,83967.86,104422.586
000029.SZ,20230111,12.84,12.86,12.29,12.35,105989.66,133564.487
000029.SZ,20230110,13.44,13.61,12.68,12.84,141058.33,184506.629
000029.SZ,20230109,13.21,13.93,12.87,13.59,150988.25,204488.993
000029.SZ,20230106,13.28,13.33,12.68,13.2,132377.29,172975.068
000029.SZ,20230105,13.45,13.51,12.87,13.1,119799.62,157833.843
000029.SZ,20230104,13.31,13.81,13.17,13.42,187200.17,254417.376
000029.SZ,20230103,13.62,13.62,13.15,13.56,136504.24,183334.728
000029.SZ,20221230,13.58,13.9,13.19,13.82,147481.12,202358.49
000029.SZ,20221229,13.88,14.06,13.51,13.57,183813.19,253792.69
000029.SZ,20221228,14.37,14.69,13.84,13.85,274891.98,393181.051
000029.SZ,20221227,14.32,15.51,14.01,14.67,354729.7,526241.285
000029.SZ,20221226,14.13,14.58,13.58,14.14,354426.07,499981.777
000029.SZ,20221223,12.94,14.58,12.94,14.58,452615.19,651239.821
000029.SZ,20221222,13.83,14.08,13.22,13.25,280896.54,385191.948
000029.SZ,20221221,12.19,13.08,12.19,12.79,180252.75,231233.612
000029.SZ,20221220,12.49,12.73,12.13,12.34,192835.6,240447.573
000029.SZ,20221219,11.97,13.05,11.87,13.05,251397.99,315187.249
000029.SZ,20221216,11.77,12.33,11.61,11.87,166343.22,200609.868
000029.SZ,20221215,11.49,11.89,11.3,11.82,96257.4,112526.053
000029.SZ,20221214,11.84,11.92,11.44,11.62,112344.09,130707.352
000029.SZ,20221213,11.9,12.15,11.6,11.84,138357.93,165615.05
000029.SZ,20221212,12.14,12.34,11.8,11.89,162139.02,195798.881
000029.SZ,20221209,11.79,12.66,11.78,12.39,254269.69,314026.809
000029.SZ,20221208,11.54,12.16,11.49,11.81,226011.35,269577.034
000029.SZ,20221207,12.31,12.92,11.97,11.97,283348.28,345015.879
000029.SZ,20221206,13.81,13.81,13.3,13.3,190795.01,256402.017
000029.SZ,20221205,13.36,15.03,13.35,14.77,419982.16,610303.252
000029.SZ,20221202,13.22,13.93,12.39,13.67,430617.15,579645.722
000029.SZ,20221201,11.39,12.7,11.17,12.7,223781.78,267852.004
000029.SZ,20221130,11.38,12.65,11.32,11.55,257996.44,308753.966
000029.SZ,20221129,11.9,11.99,11.28,11.5,227769.11,265837.47
000029.SZ,20221128,10.5,11.24,10.28,10.97,143307.95,156042.173
000029.SZ,20221125,10.38,11.09,10.32,10.92,147262.97,157541.325
000029.SZ,20221124,10.35,10.63,10.28,10.4,96647.97,101419.575
000029.SZ,20221123,10.33,10.52,9.95,10.17,68737.46,70249.897
000029.SZ,20221122,10.44,10.66,10.27,10.4,79784.5,84098.819
000029.SZ,20221121,10.48,10.64,10.15,10.35,123700.98,128261.836
000029.SZ,20221118,10.24,11.15,10.11,10.65,195534.58,211653.99
000029.SZ,20221117,10.05,10.21,9.91,10.14,57353.02,58174.688
000029.SZ,20221116,10.02,10.15,9.86,9.95,52988.34,53232.5
000029.SZ,20221115,10.0,10.2,9.94,10.08,51100.8,51744.801
000029.SZ,20221114,10.44,10.48,9.98,10.07,94456.01,96476.179
000029.SZ,20221111,10.11,10.49,9.95,10.27,111333.23,114522.384
000029.SZ,20221110,10.05,10.08,9.83,9.85,57184.4,57094.114
000029.SZ,20221109,10.12,10.26,9.94,9.97,64518.0,65251.754
000029.SZ,20221108,10.05,10.17,9.92,10.03,51620.81,51995.46
000029.SZ,20221107,9.65,10.18,9.65,10.13,108404.27,109014.644
000029.SZ,20221104,9.84,9.85,9.57,9.62,93577.77,90872.15
000029.SZ,20221103,9.54,9.83,9.49,9.77,90162.1,87984.533
000029.SZ,20221102,9.24,9.91,9.17,9.6,132282.66,127391.584
000029.SZ,20221101,9.18,9.33,9.02,9.23,99281.32,91918.527
000029.SZ,20221031,8.85,9.23,8.77,9.15,137229.95,124651.003
000029.SZ,20221028,8.68,9.31,8.5,9.05,207996.93,185930.423
000029.SZ,20221027,7.86,8.62,7.76,8.62,117881.67,98923.928
000029.SZ,20221026,7.85,7.94,7.82,7.83,23806.38,18829.201
000029.SZ,20221025,7.87,7.97,7.76,7.88,22803.08,17962.333
000029.SZ,20221024,8.12,8.19,7.92,7.93,41926.0,33869.019
000029.SZ,20221021,8.28,8.42,8.12,8.12,32126.01,26652.653
000029.SZ,20221020,8.24,8.32,8.12,8.16,32141.2,26498.417
000029.SZ,20221019,8.27,8.45,8.26,8.29,33231.85,27883.258
000029.SZ,20221018,8.44,8.54,8.29,8.34,29228.22,24663.027
000029.SZ,20221017,8.34,8.47,8.24,8.41,35280.34,29733.013
000029.SZ,20221014,8.31,8.51,8.26,8.36,40891.83,34362.14
000029.SZ,20221013,8.24,8.42,8.11,8.26,43527.35,36102.251
000029.SZ,20221012,7.91,8.26,7.88,8.24,45328.4,36896.876
000029.SZ,20221011,7.9,8.05,7.77,7.95,30380.84,24069.283
000029.SZ,20221010,7.93,8.16,7.85,7.9,39257.0,31549.633
000029.SZ,20220930,7.79,8.1,7.71,7.91,51522.1,41006.623
000029.SZ,20220929,7.99,8.02,7.71,7.74,37132.64,29216.015
000029.SZ,20220928,8.1,8.11,7.88,7.9,32856.0,26356.146
000029.SZ,20220927,7.98,8.2,7.87,8.13,46989.0,37945.445
000029.SZ,20220926,8.27,8.51,8.06,8.09,56245.0,46613.784
000029.SZ,20220923,8.54,8.72,8.31,8.31,48698.88,41615.061
000029.SZ,20220922,8.65,8.78,8.51,8.53,44699.88,38604.999
000029.SZ,20220921,8.49,8.84,8.31,8.75,83329.88,72165.386
000029.SZ,20220920,8.61,8.98,8.5,8.56,65570.0,57211.929
000029.SZ,20220919,8.59,8.85,8.36,8.69,72466.78,62946.158
000029.SZ,20220916,9.25,9.38,8.74,8.74,122022.13,111417.327
000029.SZ,20220915,9.17,9.39,8.97,9.38,132441.92,123088.029
000029.SZ,20220914,8.97,9.29,8.95,9.09,88781.86,81920.357
000029.SZ,20220913,9.25,9.38,9.06,9.09,76576.39,70723.502
000029.SZ,20220909,9.0,9.4,8.97,9.29,135844.89,125973.185
000029.SZ,20220908,9.15,9.16,8.89,9.03,53221.96,48076.228
000029.SZ,20220907,9.13,9.13,8.87,9.06,57578.9,52124.811
000029.SZ,20220906,8.79,9.13,8.76,9.05,85092.0,76982.785
000029.SZ,20220905,8.66,8.8,8.6,8.76,44458.03,38965.254
000029.SZ,20220902,8.9,8.94,8.65,8.77,67797.8,59837.885
000029.SZ,20220901,8.74,9.28,8.72,9.0,92781.2,84185.837
000029.SZ,20220831,8.94,9.02,8.71,8.85,60461.13,53889.04
000029.SZ,20220830,8.76,8.93,8.76,8.85,37491.68,33312.315
000029.SZ,20220829,8.93,8.93,8.65,8.76,37192.53,32648.479
000029.SZ,20220826,9.04,9.05,8.81,8.94,47204.53,42292.095
000029.SZ,20220825,9.0,9.14,8.85,9.01,53505.13,48376.63
000029.SZ,20220824,9.28,9.38,8.94,8.96,67158.53,61491.682
000029.SZ,20220823,9.39,9.4,9.19,9.34,43773.03,40758.662
000029.SZ,20220822,9.25,9.37,9.11,9.32,63207.12,58724.805
000029.SZ,20220819,9.36,9.6,9.25,9.29,88255.52,83442.145
000029.SZ,20220818,9.54,9.59,9.25,9.45,74249.01,69834.077
000029.SZ,20220817,9.53,9.78,9.43,9.6,73856.26,71372.588
000029.SZ,20220816,9.45,9.61,9.35,9.53,57608.0,55106.842
000029.SZ,20220815,9.4,9.48,9.23,9.41,55911.06,52426.609
000029.SZ,20220812,9.42,9.54,9.38,9.5,54495.0,51887.929
000029.SZ,20220811,9.36,9.65,9.33,9.47,62159.07,59329.46
000029.SZ,20220810,9.56,9.56,9.25,9.39,43758.0,41220.218
000029.SZ,20220809,9.45,9.65,9.23,9.5,52843.0,49988.019
000029.SZ,20220808,9.41,9.71,9.37,9.53,50697.1,48527.772
000029.SZ,20220805,9.34,9.44,9.28,9.39,37513.41,35273.628
000029.SZ,20220804,9.45,9.5,9.21,9.36,67603.98,63484.4
000029.SZ,20220803,9.09,9.66,8.85,9.66,94282.02,87046.606
000029.SZ,20220802,9.77,9.82,9.03,9.1,95201.0,88582.155
000029.SZ,20220801,9.93,10.05,9.64,9.85,88660.72,87773.411
000029.SZ,20220729,10.39,10.59,10.15,10.38,113791.01,118485.283
000029.SZ,20220728,10.32,10.42,10.12,10.26,81337.4,83861.07
000029.SZ,20220727,10.47,10.47,10.03,10.43,132350.48,135187.561
000029.SZ,20220726,10.15,10.55,9.95,10.49,138136.89,143459.458
000029.SZ,20220725,10.05,10.42,9.9,10.14,92305.88,94212.154
000029.SZ,20220722,10.2,10.22,9.67,10.05,86650.56,86557.592
000029.SZ,20220721,10.13,10.22,9.93,10.14,79104.94,79992.335
000029.SZ,20220720,10.21,10.22,9.94,10.06,88136.61,88971.133
000029.SZ,20220719,10.35,10.39,10.07,10.15,63861.3,65351.604
000029.SZ,20220718,9.89,10.35,9.86,10.27,93125.67,95509.802
000029.SZ,20220715,10.76,10.98,9.84,9.95,177269.06,181444.021
000029.SZ,20220714,10.84,11.27,10.71,10.92,124599.21,136631.159
000029.SZ,20220713,10.94,11.37,10.77,11.06,126868.89,141797.961
000029.SZ,20220712,10.77,11.02,10.68,10.86,93455.18,101913.37
000029.SZ,20220711,11.34,11.36,10.71,10.8,140125.91,153371.147
000029.SZ,20220708,11.29,11.68,11.07,11.32,138488.95,158301.719
000029.SZ,20220707,11.23,11.69,11.09,11.34,147963.23,168453.78
000029.SZ,20220706,11.71,11.71,11.14,11.18,169793.83,193489.27
000029.SZ,20220705,11.76,12.17,11.51,11.74,190035.88,225655.005
000029.SZ,20220704,11.64,11.83,11.31,11.7,162707.91,191288.891
000029.SZ,20220701,11.58,12.33,11.46,11.76,313047.68,378063.361
000029.SZ,20220630,11.65,12.02,11.45,11.75,499975.53,590067.499
000029.SZ,20220629,10.88,12.09,10.88,12.09,595260.25,716755.823
000029.SZ,20220628,11.31,11.82,10.96,10.99,217243.0,247695.884
000029.SZ,20220627,10.96,11.47,10.77,11.31,227296.18,257116.973
000029.SZ,20220624,11.3,11.41,10.88,11.08,249392.34,279238.964
000029.SZ,20220623,10.91,11.93,10.62,11.43,386262.93,441913.508
000029.SZ,20220622,11.1,11.32,10.64,10.92,407949.28,452785.017
000029.SZ,20220621,10.64,11.71,10.63,11.21,518717.87,594935.299
000029.SZ,20220620,9.65,10.64,9.63,10.64,196484.63,202699.36
000029.SZ,20220617,9.77,9.96,9.65,9.68,114445.89,113019.102
000029.SZ,20220616,10.28,10.37,9.77,10.0,175553.25,177769.168
000029.SZ,20220615,10.25,10.55,10.1,10.16,216155.37,225370.942
000029.SZ,20220614,9.77,10.53,9.68,10.43,294004.29,304428.726
000029.SZ,20220613,9.77,9.88,9.52,9.86,141399.21,138507.154
000029.SZ,20220610,9.59,9.95,9.38,9.84,145398.18,143553.337
000029.SZ,20220609,9.79,10.16,9.67,9.8,181971.36,182969.829
000029.SZ,20220608,10.08,10.08,9.63,9.86,195269.28,194524.392
000029.SZ,20220607,10.07,10.17,9.8,10.08,236635.38,239673.598
000029.SZ,20220606,10.55,10.78,9.77,10.05,397392.87,409963.253
000029.SZ,20220602,10.57,11.57,10.24,10.35,523577.05,577579.768
000029.SZ,20220601,9.43,10.52,9.34,10.52,314653.61,314127.381
000029.SZ,20220531,9.24,9.92,9.24,9.56,285236.89,276538.739
000029.SZ,20220530,9.34,9.84,8.96,9.35,351509.89,332933.023
000029.SZ,20220527,8.47,9.18,8.36,9.18,202288.86,180949.642
000029.SZ,20220526,8.27,8.65,8.24,8.34,131549.18,112361.325
000029.SZ,20220525,8.15,8.31,8.06,8.27,87065.63,72469.212
000029.SZ,20220524,8.87,8.9,8.19,8.2,181281.19,155121.696
000029.SZ,20220523,8.95,8.96,8.78,8.82,112105.98,100585.2
000029.SZ,20220520,9.18,9.25,8.91,8.93,160335.74,146573.106
000029.SZ,20220519,8.8,9.35,8.69,9.16,217649.5,201762.488
000029.SZ,20220518,9.04,9.27,8.94,8.97,180441.82,165539.8
000029.SZ,20220517,9.58,9.69,8.9,9.15,313140.27,292489.749
000029.SZ,20220516,10.53,10.57,9.48,9.78,510516.02,518503.834
000029.SZ,20220513,8.87,9.73,8.81,9.73,333463.47,315354.93
000029.SZ,20220512,8.69,9.06,8.55,8.84,185945.37,165824.044
000029.SZ,20220511,8.97,9.24,8.82,8.82,244721.04,223547.775
000029.SZ,20220510,8.69,9.23,8.49,8.99,278208.96,252053.763
000029.SZ,20220509,8.95,9.42,8.43,9.07,329496.35,298661.86
000029.SZ,20220506,9.64,10.56,8.82,9.0,442340.9,426985.892
000029.SZ,20220505,9.54,9.64,9.36,9.64,112019.04,108512.867
000029.SZ,20220429,8.33,8.76,8.21,8.76,116888.11,101259.786
000029.SZ,20220428,7.23,7.96,6.99,7.96,107190.97,80921.123
000029.SZ,20220427,7.03,7.36,6.93,7.24,77988.28,56179.296
000029.SZ,20220426,7.32,7.54,7.08,7.18,79714.01,58911.669
000029.SZ,20220425,7.89,8.02,7.3,7.32,93354.55,71939.992
000029.SZ,20220422,8.36,8.42,8.03,8.05,87352.42,72447.253
000029.SZ,20220421,8.7,8.79,8.29,8.37,86973.01,74921.016
000029.SZ,20220420,9.04,9.08,8.62,8.75,77805.26,69534.806
000029.SZ,20220419,8.98,9.17,8.62,9.04,114575.07,103370.561
000029.SZ,20220418,9.09,9.56,8.95,9.14,147570.37,138522.661
000029.SZ,20220415,8.88,9.43,8.82,9.28,164621.01,152745.72
000029.SZ,20220414,8.72,9.08,8.72,8.96,127551.85,114594.961
000029.SZ,20220413,8.59,8.88,8.49,8.63,113946.62,99765.355
000029.SZ,20220412,8.79,9.24,8.67,8.82,134633.74,121968.022
000029.SZ,20220411,9.28,9.29,8.76,8.77,185063.02,166234.686
000029.SZ,20220408,9.37,9.97,9.03,9.74,247593.36,236786.778
000029.SZ,20220407,10.31,11.09,9.49,9.49,320556.44,328420.238
000029.SZ,20220406,9.33,10.31,8.99,10.31,199309.44,194160.508
000029.SZ,20220401,8.65,9.58,8.6,9.37,228426.89,212338.613
000029.SZ,20220331,8.39,9.4,8.39,8.87,235687.32,210880.979
000029.SZ,20220330,8.13,8.71,8.08,8.59,147144.4,126466.619
000029.SZ,20220329,8.19,8.2,8.02,8.09,56663.09,46476.573
000029.SZ,20220328,7.98,8.34,7.98,8.24,73592.0,61402.985
000029.SZ,20220325,8.03,8.25,7.98,8.06,56921.6,46682.31
000029.SZ,20220324,8.11,8.3,8.04,8.04,65564.81,54229.161
000029.SZ,20220323,8.18,8.38,8.06,8.19,81368.19,67518.932
000029.SZ,20220322,8.06,8.5,7.99,8.25,113441.08,95135.946
000029.SZ,20220321,8.19,8.24,7.97,8.15,75017.12,61679.213
000029.SZ,20220318,7.81,8.09,7.71,8.09,74167.13,59482.07
000029.SZ,20220317,7.72,8.02,7.68,7.91,74090.02,58858.204
000029.SZ,20220316,7.43,7.62,7.21,7.61,46420.18,34892.672
000029.SZ,20220315,7.76,7.82,7.35,7.41,50829.67,39170.994
000029.SZ,20220314,7.84,8.01,7.74,7.8,35780.73,28531.563
000029.SZ,20220311,7.5,7.88,7.42,7.88,46609.74,36346.186
000029.SZ,20220310,7.47,7.7,7.4,7.6,33521.88,25704.032
000029.SZ,20220309,7.57,7.59,7.09,7.46,40196.0,30038.238
000029.SZ,20220308,7.76,7.78,7.5,7.57,38155.92,29443.273
000029.SZ,20220307,7.65,7.98,7.62,7.76,60569.53,47739.054
000029.SZ,20220304,7.54,7.65,7.46,7.62,25735.83,19720.413
000029.SZ,20220303,7.59,7.72,7.53,7.56,24357.0,18758.611
000029.SZ,20220302,7.39,7.63,7.36,7.6,30943.83,23468.326
000029.SZ,20220301,7.36,7.46,7.27,7.41,22285.87,16617.253
000029.SZ,20220228,7.51,7.55,7.33,7.43,26326.0,19688.844
000029.SZ,20220225,7.41,7.61,7.39,7.51,30721.31,23310.563
000029.SZ,20220224,7.65,7.7,7.31,7.41,42829.0,32503.047
000029.SZ,20220223,7.64,7.65,7.52,7.59,21818.9,16745.01
000029.SZ,20220222,7.52,7.7,7.5,7.65,37768.0,29056.942
000029.SZ,20220221,7.51,7.66,7.43,7.62,32784.07,25046.265
000029.SZ,20220218,7.32,7.55,7.29,7.52,24151.01,18198.691
000029.SZ,20220217,7.46,7.49,7.29,7.33,23038.0,17160.401
000029.SZ,20220216,7.39,7.49,7.37,7.46,13715.0,10340.165
000029.SZ,20220215,7.48,7.49,7.35,7.41,23774.83,17844.802
000029.SZ,20220214,7.5,7.57,7.41,7.45,21941.02,16623.58
000029.SZ,20220211,7.69,7.77,7.52,7.56,27525.01,21294.066
000029.SZ,20220210,7.58,7.66,7.49,7.62,19736.64,15181.362
000029.SZ,20220209,7.68,7.7,7.55,7.58,26567.03,20465.328
000029.SZ,20220208,7.5,7.69,7.42,7.62,26997.04,20769.55
000029.SZ,20220207,7.41,7.49,7.29,7.45,20826.2,15587.807
000029.SZ,20220128,7.36,7.42,7.21,7.34,24773.0,18329.093
000029.SZ,20220127,7.45,7.45,7.27,7.28,23790.84,17677.913
000029.SZ,20220126,7.34,7.51,7.34,7.45,27319.48,20563.76
000029.SZ,20220125,7.73,7.75,7.32,7.33,37718.0,28610.594
000029.SZ,20220124,7.8,7.85,7.65,7.67,20989.0,16404.991
000029.SZ,20220121,7.72,7.87,7.65,7.8,32977.86,25948.413
000029.SZ,20220120,7.89,8.08,7.79,7.8,39259.2,31465.406
000029.SZ,20220119,7.8,7.95,7.75,7.88,28101.4,22378.219
000029.SZ,20220118,7.99,8.0,7.85,7.85,32515.01,26044.79
000029.SZ,20220117,7.87,8.05,7.82,7.96,40863.61,32948.27
000029.SZ,20220114,8.08,8.12,7.88,7.88,41654.73,33682.749
000029.SZ,20220113,8.07,8.25,8.05,8.09,39849.49,32901.414
000029.SZ,20220112,7.97,8.1,7.85,8.09,42958.54,34785.771
000029.SZ,20220111,8.05,8.14,7.97,8.0,40491.9,32968.929
000029.SZ,20220110,8.09,8.19,7.96,8.06,46487.81,37860.952
000029.SZ,20220107,7.94,8.22,7.91,8.1,72642.58,59835.97
000029.SZ,20220106,7.75,8.08,7.75,7.94,53740.85,43407.387
000029.SZ,20220105,7.83,7.92,7.74,7.83,50453.0,39986.688
000029.SZ,20220104,7.67,7.85,7.62,7.8,50522.07,39746.631
000029.SZ,20211231,7.64,7.91,7.52,7.73,61776.78,48309.195
000029.SZ,20211230,7.56,7.64,7.51,7.59,30197.26,23154.71
000029.SZ,20211229,7.6,7.69,7.5,7.56,35271.5,27179.73
000029.SZ,20211228,7.6,7.66,7.46,7.57,47827.45,36604.189
000029.SZ,20211227,7.58,7.75,7.52,7.61,50506.4,39072.017
000029.SZ,20211224,7.65,7.73,7.56,7.57,65525.12,50582.621
000029.SZ,20211223,7.75,7.94,7.67,7.68,88601.2,69591.68
000029.SZ,20211222,8.12,8.37,7.83,7.87,156351.89,126748.654
000029.SZ,20211221,7.92,8.74,7.82,8.21,271073.93,228332.005
000029.SZ,20211220,7.5,8.25,7.42,8.19,230754.36,188432.291
000029.SZ,20211217,7.23,7.68,7.17,7.5,75025.71,56814.972
000029.SZ,20211216,7.23,7.29,7.14,7.23,18177.36,13253.862
000029.SZ,20211215,7.16,7.28,7.12,7.23,30985.3,22671.193
000029.SZ,20211214,7.18,7.24,7.09,7.18,25310.4,18312.327
000029.SZ,20211213,7.08,7.29,7.03,7.18,30881.58,22278.746
000029.SZ,20211210,7.06,7.11,7.04,7.08,14980.03,10729.691
000029.SZ,20211209,7.07,7.16,7.07,7.1,23125.01,16656.362
000029.SZ,20211208,7.06,7.11,7.03,7.1,15450.94,11048.379
000029.SZ,20211207,7.16,7.23,7.04,7.11,24966.19,18007.909
000029.SZ,20211206,7.12,7.17,7.02,7.03,14586.8,10430.96
000029.SZ,20211203,7.12,7.12,6.99,7.09,14992.73,10709.757
000029.SZ,20211202,7.08,7.16,7.05,7.09,13699.5,9835.651
000029.SZ,20211201,7.0,7.14,6.96,7.1,20907.15,15003.869
000029.SZ,20211130,7.01,7.05,6.97,7.0,12110.5,8597.108
000029.SZ,20211129,7.0,7.03,6.96,6.99,13402.8,9482.665
000029.SZ,20211126,7.13,7.13,7.0,7.06,14941.84,10675.223
000029.SZ,20211125,7.21,7.21,7.09,7.11,13024.67,9415.677
000029.SZ,20211124,7.06,7.16,7.0,7.14,18284.17,13123.829
000029.SZ,20211123,6.93,7.09,6.89,7.08,19839.32,14055.101
000029.SZ,20211122,6.94,6.95,6.87,6.93,14437.74,10106.327
000029.SZ,20211119,6.82,6.98,6.8,6.93,14261.46,9957.566
000029.SZ,20211118,6.91,6.91,6.79,6.82,17826.5,12371.663
000029.SZ,20211117,6.93,6.94,6.88,6.91,10683.01,7480.219
000029.SZ,20211116,7.0,7.04,6.89,6.93,13116.9,9234.69
000029.SZ,20211115,6.97,7.01,6.92,6.99,12274.0,8654.397
000029.SZ,20211112,7.07,7.09,6.92,6.97,18721.53,13248.568
000029.SZ,20211111,6.95,7.15,6.91,7.1,27902.97,19999.955
000029.SZ,20211110,6.98,6.99,6.87,6.95,9063.13,6357.619
000029.SZ,20211109,7.01,7.01,6.94,6.98,8703.73,6148.688
000029.SZ,20211108,7.01,7.01,6.92,6.99,10620.21,7489.492
000029.SZ,20211105,6.93,7.0,6.86,6.98,14512.61,10176.114
000029.SZ,20211104,6.76,6.89,6.73,6.89,15825.03,10937.769
000029.SZ,20211103,6.71,6.89,6.67,6.76,13669.87,9413.722
000029.SZ,20211102,6.75,6.78,6.66,6.71,11306.0,7702.018
000029.SZ,20211101,6.71,6.78,6.67,6.75,11181.01,7630.359
000029.SZ,20211029,6.68,6.73,6.62,6.72,9787.01,6610.611
000029.SZ,20211028,6.63,6.71,6.6,6.66,11600.07,7816.441
000029.SZ,20211027,6.77,6.77,6.61,6.63,15492.0,10479.354
000029.SZ,20211026,6.83,6.88,6.71,6.72,20191.0,13873.757
000029.SZ,20211025,6.91,7.0,6.63,6.89,41186.51,28567.176
000029.SZ,20211022,6.97,7.48,6.89,7.07,56679.57,41133.861
000029.SZ,20211021,6.96,6.97,6.82,6.83,12564.0,8762.976
000029.SZ,20211020,6.9,6.93,6.79,6.81,12250.0,8495.156
000029.SZ,20211019,6.95,7.01,6.83,6.9,12447.0,8722.105
000029.SZ,20211018,6.91,6.99,6.81,6.96,12404.0,8651.626
000029.SZ,20211015,6.89,6.93,6.84,6.87,9004.94,6265.644
000029.SZ,20211014,6.93,6.95,6.8,6.88,15894.56,11065.964
000029.SZ,20211013,7.05,7.05,6.76,6.9,22952.0,16015.786
000029.SZ,20211012,7.07,7.11,6.96,7.06,17883.01,12740.872
000029.SZ,20211011,7.07,7.14,7.04,7.07,14907.0,10692.954
000029.SZ,20211008,7.12,7.15,7.04,7.08,22326.35,16062.284
000029.SZ,20210930,6.89,7.05,6.89,7.02,17083.0,12058.174
000029.SZ,20210929,6.97,7.05,6.88,6.89,17863.77,12582.073
000029.SZ,20210928,7.03,7.11,6.99,7.02,19891.87,14188.004
000029.SZ,20210927,7.18,7.18,6.95,6.98,23703.63,16856.571
000029.SZ,20210924,7.35,7.4,7.18,7.19,26519.47,19472.742
000029.SZ,20210923,7.2,7.44,7.2,7.36,37956.83,28304.206
000029.SZ,20210922,6.98,7.28,6.9,7.19,33009.64,23801.026
000029.SZ,20210917,7.24,7.28,7.07,7.13,27058.96,19591.276
000029.SZ,20210916,7.35,7.47,7.15,7.26,35801.94,26418.268
000029.SZ,20210915,7.3,7.48,7.16,7.36,28328.02,21041.222
000029.SZ,20210914,7.7,7.7,7.28,7.34,59763.05,45174.807
000029.SZ,20210913,7.31,7.7,7.31,7.67,98182.54,75197.588
000029.SZ,20210910,7.21,7.39,7.17,7.31,51997.98,38398.049
000029.SZ,20210909,7.11,7.22,7.1,7.17,26323.88,19139.936
000029.SZ,20210908,7.22,7.22,7.12,7.18,30405.78,22080.532
000029.SZ,20210907,7.12,7.25,7.07,7.15,45153.61,32680.803
000029.SZ,20210906,7.18,7.27,7.01,7.06,41234.38,29580.424
000029.SZ,20210903,6.94,7.25,6.94,7.19,60892.23,43919.227
000029.SZ,20210902,6.97,7.1,6.92,6.99,33090.62,23495.088
000029.SZ,20210901,6.81,7.1,6.8,6.99,53155.84,37445.096
000029.SZ,20210831,6.76,6.9,6.69,6.85,29524.94,20234.998
000029.SZ,20210830,6.86,6.92,6.76,6.76,37729.0,26072.781
000029.SZ,20210827,6.71,7.04,6.63,6.93,51775.87,35760.837
000029.SZ,20210826,6.72,6.83,6.66,6.75,23929.21,16382.701
000029.SZ,20210825,6.72,6.74,6.65,6.72,17565.83,11915.142
000029.SZ,20210824,6.68,6.73,6.67,6.72,13932.0,9465.532
000029.SZ,20210823,6.68,6.74,6.64,6.68,13740.26,9310.206
000029.SZ,20210820,6.63,6.69,6.59,6.66,16846.91,11328.374
000029.SZ,20210819,6.71,6.73,6.58,6.66,18872.73,12726.049
000029.SZ,20210818,6.78,6.78,6.61,6.71,29225.85,19730.986
000029.SZ,20210817,6.75,6.86,6.72,6.79,23655.9,16246.686
000029.SZ,20210816,6.79,6.89,6.74,6.8,17769.81,12280.854
000029.SZ,20210813,6.88,6.88,6.72,6.76,24145.03,16588.012
000029.SZ,20210812,6.93,7.1,6.81,6.87,27034.77,18883.92
000029.SZ,20210811,6.76,7.08,6.74,6.98,47374.15,33456.064
000029.SZ,20210810,6.62,6.8,6.61,6.78,30307.03,20567.999
000029.SZ,20210809,6.47,6.73,6.46,6.66,31126.37,20928.197
000029.SZ,20210806,6.63,6.65,6.53,6.57,25461.23,16909.697
000029.SZ,20210805,6.65,6.82,6.61,6.71,33411.0,22779.202
000029.SZ,20210804,6.69,6.69,6.55,6.6,26879.06,17930.795
000029.SZ,20210803,6.76,6.76,6.6,6.68,16865.01,11447.583
000029.SZ,20210802,6.62,6.77,6.46,6.73,32626.37,21867.713
000029.SZ,20210730,6.86,6.86,6.59,6.69,32800.26,22195.026
000029.SZ,20210729,6.9,6.98,6.82,6.86,20472.06,14318.979
000029.SZ,20210728,7.03,7.06,6.69,6.87,31835.5,22091.497
000029.SZ,20210727,7.24,7.27,7.03,7.03,38285.93,27613.464
000029.SZ,20210726,7.38,7.39,7.14,7.24,39997.91,29327.188
000029.SZ,20210723,7.55,7.59,7.38,7.44,48769.65,36723.823
000029.SZ,20210722,7.28,7.49,7.21,7.49,59890.06,44681.044
000029.SZ,20210721,7.36,7.39,7.22,7.24,38727.88,28504.402
000029.SZ,20210720,7.29,7.36,7.23,7.36,21946.21,16219.862
000029.SZ,20210719,7.37,7.43,7.22,7.33,31427.95,23262.313
000029.SZ,20210716,7.45,7.53,7.31,7.35,27662.19,20668.822
000029.SZ,20210715,7.5,7.63,7.37,7.48,28590.29,21613.085
000029.SZ,20210714,7.47,7.69,7.43,7.54,52069.07,39992.489
000029.SZ,20210713,7.27,7.56,7.19,7.51,59072.11,44491.03
000029.SZ,20210712,7.32,7.41,7.27,7.28,29269.36,21671.619
000029.SZ,20210709,7.2,7.32,7.2,7.31,20762.54,15258.151
000029.SZ,20210708,7.32,7.38,7.21,7.24,30763.87,22704.043
000029.SZ,20210707,7.37,7.43,7.23,7.3,38149.94,28205.161
000029.SZ,20210706,7.38,7.42,7.35,7.39,21101.78,15779.273
000029.SZ,20210705,7.55,7.57,7.35,7.38,36240.14,27156.112
000029.SZ,20210702,7.41,7.66,7.33,7.55,60616.5,46084.082
000029.SZ,20210701,7.44,7.5,7.35,7.37,34496.0,25893.903
000029.SZ,20210630,7.51,7.51,7.42,7.47,34357.86,25979.644
000029.SZ,20210629,7.48,7.6,7.36,7.44,52111.85,39486.423
000029.SZ,20210628,7.21,7.49,7.18,7.41,76024.42,56851.338
000029.SZ,20210625,7.14,7.2,7.06,7.19,37829.09,27333.927
000029.SZ,20210624,7.16,7.18,7.1,7.14,24331.92,17583.419
000029.SZ,20210623,7.16,7.19,7.13,7.15,28725.15,20808.073
000029.SZ,20210622,7.22,7.24,7.14,7.17,31368.28,22842.152
000029.SZ,20210621,7.18,7.24,7.14,7.21,22962.42,16718.385
000029.SZ,20210618,7.15,7.22,7.13,7.19,21813.38,15868.331
000029.SZ,20210617,7.14,7.18,7.08,7.16,30895.0,22297.003
000029.SZ,20210616,7.16,7.28,7.11,7.16,22045.06,16060.626
000029.SZ,20210615,7.26,7.31,7.15,7.16,26812.58,19594.085
000029.SZ,20210611,7.43,7.45,7.27,7.29,36317.25,27028.521
000029.SZ,20210610,7.41,7.45,7.35,7.43,31638.02,23712.705
000029.SZ,20210609,7.46,7.48,7.39,7.41,26350.21,19794.024
000029.SZ,20210608,7.43,7.5,7.41,7.43,33656.31,25367.986
000029.SZ,20210607,7.6,7.6,7.45,7.45,39283.71,29858.549
000029.SZ,20210604,7.75,7.85,7.56,7.61,71943.39,55877.367
000029.SZ,20210603,7.46,7.82,7.44,7.75,108329.09,84004.929
000029.SZ,20210602,7.58,7.59,7.43,7.47,33923.77,25772.089
000029.SZ,20210601,7.4,7.77,7.34,7.51,79942.8,61291.508
000029.SZ,20210531,7.47,7.48,7.32,7.37,35701.23,26669.922
000029.SZ,20210528,7.49,7.52,7.35,7.41,37366.98,28456.153
000029.SZ,20210527,7.33,7.48,7.27,7.44,54685.71,41586.407
000029.SZ,20210526,7.2,7.42,7.2,7.33,55647.31,41894.591
000029.SZ,20210525,7.25,7.25,7.15,7.23,28993.51,21390.926
000029.SZ,20210524,7.24,7.27,7.18,7.25,35072.17,25983.56
000029.SZ,20210521,7.15,7.23,7.12,7.18,27998.76,20586.505
000029.SZ,20210520,7.21,7.23,7.1,7.13,19054.52,13974.878
000029.SZ,20210519,7.12,7.21,7.07,7.21,26239.56,19191.329
000029.SZ,20210518,7.16,7.16,7.05,7.11,33288.56,24222.676
000029.SZ,20210517,7.31,7.31,7.12,7.17,40155.88,29542.002
000029.SZ,20210514,7.32,7.4,7.24,7.31,49018.08,36688.112
000029.SZ,20210513,7.17,7.57,7.17,7.4,73865.51,55816.883
000029.SZ,20210512,7.2,7.27,7.14,7.27,24089.59,17795.078
000029.SZ,20210511,7.18,7.23,7.05,7.22,26461.88,19426.959
000029.SZ,20210510,7.23,7.27,7.07,7.18,38302.2,28115.915
000029.SZ,20210507,7.32,7.37,7.15,7.19,45822.27,33972.438
000029.SZ,20210506,7.57,7.71,7.35,7.37,69714.48,53356.006
000029.SZ,20210430,7.41,7.51,7.25,7.37,34952.1,26381.367
000029.SZ,20210429,7.37,7.5,7.31,7.42,37555.09,28557.158
000029.SZ,20210428,7.29,7.36,7.22,7.36,22885.84,17115.193
000029.SZ,20210427,7.17,7.32,7.11,7.3,39903.61,29428.536
000029.SZ,20210426,7.38,7.39,7.19,7.23,39967.16,29794.669
000029.SZ,20210423,7.44,7.47,7.34,7.37,28796.8,21782.418
000029.SZ,20210422,7.55,7.59,7.4,7.42,51983.34,39851.4
000029.SZ,20210421,7.54,7.69,7.42,7.56,65706.29,51105.853
000029.SZ,20210420,7.41,7.57,7.38,7.49,43024.22,33041.396
000029.SZ,20210419,7.44,7.48,7.38,7.42,38317.43,29132.788
000029.SZ,20210416,7.42,7.5,7.38,7.48,41487.08,31710.641
000029.SZ,20210415,7.22,7.53,7.17,7.42,63575.93,48247.741
000029.SZ,20210414,7.22,7.25,7.11,7.24,27448.89,20221.023
000029.SZ,20210413,7.13,7.22,7.04,7.18,39994.19,29201.465
000029.SZ,20210412,7.18,7.22,7.06,7.16,30891.24,22636.896
000029.SZ,20210409,7.35,7.35,7.15,7.17,37710.86,27976.937
000029.SZ,20210408,7.38,7.48,7.3,7.35,54578.65,41285.632
000029.SZ,20210407,7.17,7.51,7.16,7.44,70668.37,53384.307
000029.SZ,20210406,7.05,7.26,6.98,7.17,39302.74,28773.71
000029.SZ,20210402,7.12,7.15,7.01,7.06,29806.0,21593.662
000029.SZ,20210401,7.17,7.17,7.05,7.1,29915.11,21806.254
000029.SZ,20210331,6.99,7.19,6.95,7.16,44817.28,32569.714
000029.SZ,20210330,7.17,7.17,6.97,7.0,54056.12,38997.251
000029.SZ,20210329,7.2,7.2,7.04,7.17,42838.28,31286.704
000029.SZ,20210326,7.19,7.23,7.09,7.22,36518.66,26870.344
000029.SZ,20210325,7.19,7.23,7.08,7.11,44348.47,32470.957
000029.SZ,20210324,7.27,7.4,7.15,7.19,70662.27,52429.009
000029.SZ,20210323,7.51,7.6,7.34,7.36,87243.05,66733.335
000029.SZ,20210322,7.46,7.68,7.43,7.52,92743.01,71706.866
000029.SZ,20210319,7.52,7.6,7.42,7.5,92284.45,71008.335
000029.SZ,20210318,7.83,7.94,7.58,7.61,171466.13,135491.751
000029.SZ,20210317,7.84,8.42,7.8,8.0,247714.58,206397.021
000029.SZ,20210316,7.53,8.12,7.51,7.9,208422.22,167423.925
000029.SZ,20210315,7.38,7.79,7.38,7.56,110407.57,85820.36
000029.SZ,20210312,7.32,7.64,7.28,7.43,130462.94,99572.536
000029.SZ,20210311,7.04,7.7,7.04,7.36,133111.4,99621.435
000029.SZ,20210310,7.21,7.25,7.0,7.03,72712.88,53111.573
000029.SZ,20210309,7.22,7.32,6.84,7.1,100983.41,73567.701
000029.SZ,20210308,7.18,7.39,7.14,7.25,107563.27,80238.597
000029.SZ,20210305,7.11,7.21,7.05,7.17,85633.81,62558.511
000029.SZ,20210304,7.18,7.45,7.12,7.14,110332.03,82139.335
000029.SZ,20210303,7.14,7.39,7.04,7.26,129869.54,96357.008
000029.SZ,20210302,7.22,7.5,7.12,7.17,179284.32,133883.189
000029.SZ,20210301,7.18,7.43,7.03,7.33,218064.72,162147.824
000029.SZ,20210226,7.47,8.0,7.24,7.27,376902.58,290774.806
000029.SZ,20210225,7.05,7.72,6.86,7.72,309382.27,232982.991
000029.SZ,20210224,6.37,7.01,6.32,7.01,256930.95,180084.371
000029.SZ,20210223,6.59,6.63,6.35,6.38,79056.48,52217.61
000029.SZ,20210222,6.45,6.71,6.44,6.59,112101.67,75714.189
000029.SZ,20210219,6.14,6.48,6.11,6.44,93413.73,60471.594
000029.SZ,20210218,5.95,6.21,5.93,6.13,80776.27,50395.764
000029.SZ,20210210,5.9,6.0,5.88,5.9,51754.73,31407.433
000029.SZ,20210209,5.91,5.94,5.83,5.9,49730.43,30042.564
000029.SZ,20210208,6.01,6.04,5.89,5.91,48438.3,29520.362
000029.SZ,20210205,5.95,6.12,5.92,5.96,56211.62,34686.917
000029.SZ,20210204,6.25,6.25,5.89,5.94,96232.44,59399.912
000029.SZ,20210203,6.56,6.59,6.23,6.26,74233.01,48595.851
000029.SZ,20210202,6.39,6.68,6.39,6.53,89342.81,60080.552
000029.SZ,20210201,6.31,6.5,6.29,6.41,66119.84,43361.845
000029.SZ,20210129,6.38,6.55,6.24,6.31,74252.59,48552.96
000029.SZ,20210128,6.4,6.51,6.35,6.37,58051.28,38282.024
000029.SZ,20210127,6.59,6.69,6.5,6.51,80129.14,53913.382
000029.SZ,20210126,6.65,6.81,6.53,6.55,83559.41,57150.907
000029.SZ,20210125,6.95,6.97,6.65,6.68,112651.92,78143.936
000029.SZ,20210122,7.29,7.35,6.98,6.98,164468.29,119993.698
000029.SZ,20210121,7.38,7.55,7.22,7.35,154323.05,116508.675
000029.SZ,20210120,7.61,7.89,7.35,7.38,182163.11,141580.34
000029.SZ,20210119,7.52,7.96,7.37,7.68,270570.78,213136.047
000029.SZ,20210118,7.39,7.95,7.23,7.61,261247.3,201627.541
000029.SZ,20210115,7.36,7.98,7.2,7.65,415119.55,324197.992
000029.SZ,20210114,6.63,7.33,6.62,7.33,254461.88,183729.767
000029.SZ,20210113,6.58,6.76,6.46,6.66,102126.61,69260.184
000029.SZ,20210112,6.54,6.8,6.5,6.62,89849.52,61231.032
000029.SZ,20210111,6.51,6.84,6.48,6.59,116430.46,79422.004
000029.SZ,20210108,6.24,6.78,6.17,6.58,163488.21,109227.976
000029.SZ,20210107,6.69,6.72,6.21,6.29,137981.44,90551.952
000029.SZ,20210106,6.88,6.89,6.68,6.68,81167.86,56322.273
000029.SZ,20210105,6.85,6.92,6.75,6.9,96661.58,67604.821
000029.SZ,20210104,6.94,6.96,6.75,6.85,106225.2,74280.693
000029.SZ,20201231,6.91,6.99,6.9,6.96,44094.84,31442.541
000029.SZ,20201230,6.96,6.99,6.88,6.91,50399.68,35778.779
000029.SZ,20201229,6.87,7.07,6.84,6.97,84539.54,60571.831
000029.SZ,20201228,6.83,6.99,6.78,6.87,72964.01,51516.317
000029.SZ,20201225,6.83,6.92,6.75,6.83,67752.36,47569.417
000029.SZ,20201224,7.06,7.11,6.79,6.8,97274.02,68852.018
000029.SZ,20201223,7.06,7.15,6.97,7.11,71537.04,51900.373
000029.SZ,20201222,7.31,7.32,6.97,7.02,125250.14,91697.369
000029.SZ,20201221,7.34,7.41,7.31,7.33,61892.81,46608.342
000029.SZ,20201218,7.48,7.53,7.36,7.36,65106.61,49723.488
000029.SZ,20201217,7.52,7.54,7.26,7.48,95229.98,72189.973
000029.SZ,20201216,7.7,7.76,7.52,7.52,73059.21,56761.154
000029.SZ,20201215,7.56,7.87,7.51,7.74,104546.46,82590.745
000029.SZ,20201214,7.56,7.65,7.5,7.6,63690.72,49619.094
000029.SZ,20201211,7.77,7.82,7.44,7.55,122222.17,95095.726
000029.SZ,20201210,7.86,7.93,7.78,7.78,86686.8,69696.781
000029.SZ,20201209,8.18,8.2,7.93,7.94,111296.34,91959.277
000029.SZ,20201208,8.18,8.26,8.15,8.18,60402.71,50733.036
000029.SZ,20201207,8.33,8.33,8.18,8.19,98020.17,82681.422
000029.SZ,20201204,8.46,8.56,8.36,8.37,119494.15,103187.174
000029.SZ,20201203,8.28,8.65,8.22,8.55,224176.64,194246.523
000029.SZ,20201202,8.2,8.41,8.18,8.31,143020.54,122045.786
000029.SZ,20201201,8.17,8.31,8.09,8.25,129483.34,108806.039
000029.SZ,20201130,8.17,8.38,8.15,8.22,119395.3,101391.987
000029.SZ,20201127,8.13,8.27,8.13,8.2,90881.16,76330.276
000029.SZ,20201126,8.35,8.42,8.13,8.15,157983.93,133534.283
000029.SZ,20201125,8.54,8.57,8.38,8.38,167766.1,145269.306
000029.SZ,20201124,8.44,8.77,8.36,8.57,249055.41,218663.215
000029.SZ,20201123,8.37,8.47,8.34,8.42,150400.92,129615.799
000029.SZ,20201120,8.52,8.53,8.37,8.42,161465.09,139338.796
000029.SZ,20201119,8.59,8.7,8.5,8.53,178250.2,156441.709
000029.SZ,20201118,8.78,8.85,8.58,8.64,265456.64,235921.725
000029.SZ,20201117,8.48,9.27,8.4,8.92,464077.61,419801.394
000029.SZ,20201116,8.68,8.68,8.36,8.52,291601.9,254123.669
000029.SZ,20201113,8.65,8.93,8.51,8.69,304473.83,271788.203
000029.SZ,20201112,9.07,9.17,8.66,8.76,438813.76,397856.718
000029.SZ,20201111,9.75,9.9,9.39,9.39,529357.46,517059.929
000029.SZ,20201110,10.84,11.31,10.44,10.44,750369.77,833129.921
000029.SZ,20201109,10.1,11.6,10.1,11.6,974769.7,1093990.399
000029.SZ,20160913,10.39,10.84,10.29,10.55,220655.14,248316.4686
000029.SZ,20160912,10.03,10.76,9.96,10.47,249978.39,278617.2629
000029.SZ,20160909,10.37,10.37,10.08,10.1,67739.0,73545.919
000029.SZ,20160908,10.43,10.51,10.31,10.37,53160.0,58551.6011
000029.SZ,20160907,10.43,10.55,10.39,10.41,64622.0,71651.977
000029.SZ,20160906,10.36,10.44,10.18,10.41,67285.17,73503.7016
000029.SZ,20160905,10.32,10.48,10.27,10.41,66025.41,72560.7259
000029.SZ,20160902,10.41,10.5,10.2,10.31,71852.93,78830.2845
000029.SZ,20160901,10.72,10.72,10.4,10.41,136405.76,151888.7952
000029.SZ,20160831,10.55,10.81,10.54,10.74,140048.9,159209.3694
000029.SZ,20160830,10.67,10.81,10.55,10.55,92587.14,104829.9097
000029.SZ,20160829,10.57,10.75,10.39,10.67,64630.99,72810.7677
000029.SZ,20160826,10.69,10.9,10.62,10.62,99567.02,113403.2553
000029.SZ,20160825,10.55,10.71,10.41,10.65,115684.57,129233.018
000029.SZ,20160824,10.8,11.09,10.61,10.72,114484.27,131429.5168
000029.SZ,20160823,10.86,10.95,10.7,10.78,87831.01,100904.1175
000029.SZ,20160822,11.06,11.17,10.78,10.86,137555.24,159201.1322
000029.SZ,20160819,11.38,11.39,10.95,11.08,260044.77,306672.4351
000029.SZ,20160818,11.14,11.99,11.01,11.47,424825.35,518592.9287
000029.SZ,20160817,11.32,12.15,11.23,11.36,470977.61,579588.2475
000029.SZ,20160816,11.01,11.61,10.72,11.27,405338.43,477715.9481
000029.SZ,20160815,10.6,11.31,10.55,10.91,344601.29,399051.1741
000029.SZ,20160812,10.29,10.67,10.15,10.63,276029.86,305438.4476
000029.SZ,20160811,10.17,10.55,10.13,10.37,262293.23,288591.1923
000029.SZ,20160810,10.22,10.37,10.08,10.22,132662.97,143752.8838
000029.SZ,20160809,10.2,10.34,10.1,10.29,134647.43,145749.5524
000029.SZ,20160808,10.12,10.56,10.08,10.21,189732.64,206645.2825
000029.SZ,20160805,10.13,10.6,10.1,10.22,238270.19,260763.7258
000029.SZ,20160804,10.08,10.27,9.89,10.18,150938.35,160451.9104
000029.SZ,20160803,9.81,10.39,9.8,10.2,237522.49,256657.5562
000029.SZ,20160802,9.51,9.79,9.51,9.75,64465.8,65738.0938
000029.SZ,20160801,9.71,9.86,9.54,9.55,60794.15,62349.2184
000029.SZ,20160729,9.73,9.94,9.68,9.77,68583.75,71254.2078
000029.SZ,20160728,9.8,9.95,9.53,9.73,89566.72,92147.8406
000029.SZ,20160727,10.22,10.32,9.47,9.9,138968.52,147851.3352
000029.SZ,20160726,10.1,10.26,10.07,10.22,66995.77,72295.1706
000029.SZ,20160725,10.05,10.2,10.05,10.11,56717.93,60833.1683
000029.SZ,20160722,10.19,10.34,10.1,10.1,86927.29,93988.0181
000029.SZ,20160721,10.05,10.38,10.05,10.2,103655.59,112201.2561
000029.SZ,20160720,10.18,10.39,10.06,10.11,102739.85,110858.8257
000029.SZ,20160719,10.04,10.34,9.98,10.25,106206.81,114548.9553
000029.SZ,20160718,10.17,10.22,9.99,10.04,104408.11,111253.8328
000029.SZ,20160715,10.21,10.51,10.21,10.26,136480.7,149480.7518
000029.SZ,20160714,10.17,10.53,10.11,10.17,147574.48,161008.0216
000029.SZ,20160713,10.06,10.57,9.95,10.23,170957.83,184930.3624
000029.SZ,20160712,9.93,10.06,9.79,10.06,93178.65,98310.2206
000029.SZ,20160711,9.93,10.06,9.9,9.91,86906.62,91709.4275
000029.SZ,20160708,10.09,10.2,9.91,10.0,132185.61,140513.8249
000029.SZ,20160707,10.11,10.25,10.01,10.09,232833.98,249397.0179
000029.SZ,20160706,9.96,10.8,9.95,10.49,347030.77,388874.4191
000029.SZ,20160705,9.81,9.91,9.74,9.82,84905.87,88313.4178
000029.SZ,20160704,9.68,9.85,9.56,9.76,89987.63,92694.9816
000029.SZ,20160701,9.95,10.01,9.74,9.75,69201.58,72176.4324
000029.SZ,20160630,9.82,9.96,9.73,9.82,81165.31,84523.0804
000029.SZ,20160629,9.92,10.01,9.72,9.83,105014.32,109370.8589
000029.SZ,20160628,9.72,10.07,9.68,9.97,146081.7,153924.7763
000029.SZ,20160627,9.6,9.86,9.52,9.81,92701.41,95505.2515
000029.SZ,20160624,9.58,10.09,9.31,9.77,195532.14,201676.5728
000029.SZ,20160623,9.72,10.1,9.66,9.71,139587.17,145586.8874
000029.SZ,20160622,9.23,9.91,9.23,9.64,109878.58,112443.5104
000029.SZ,20160621,9.59,9.64,9.27,9.3,56699.87,56688.3085
000029.SZ,20160620,9.46,9.55,9.33,9.46,64297.13,64310.6687
000029.SZ,20160617,9.17,9.71,9.17,9.64,142690.43,143263.5053
000029.SZ,20160616,9.33,9.38,9.08,9.15,66655.41,65133.9543
000029.SZ,20160615,9.06,9.48,9.03,9.37,65167.33,64432.9253
000029.SZ,20160614,8.98,9.2,8.98,9.18,46820.68,45142.9283
000029.SZ,20160613,9.58,9.58,9.1,9.11,76748.51,76211.6782
000029.SZ,20160608,9.72,9.79,9.62,9.69,49808.67,51269.6466
000029.SZ,20160607,9.86,9.86,9.65,9.72,65410.05,67319.8906
000029.SZ,20160606,9.96,10.06,9.61,9.86,96684.36,100820.0204
000029.SZ,20160603,9.79,9.99,9.73,9.89,117121.89,122529.3484
000029.SZ,20160602,9.65,9.91,9.61,9.72,77283.67,79734.8474
000029.SZ,20160601,9.65,9.75,9.58,9.65,78025.41,79941.8656
000029.SZ,20160531,9.39,9.68,9.36,9.66,92807.5,94127.6406
000029.SZ,20160530,9.36,9.56,9.35,9.35,63786.54,63740.4904
000029.SZ,20160527,9.08,9.91,9.01,9.58,161270.64,163610.1097
000029.SZ,20160526,9.16,9.28,8.93,9.1,39676.13,38074.5528
000029.SZ,20160525,9.16,9.27,9.04,9.2,41944.2,40723.354
000029.SZ,20160524,9.3,9.3,9.11,9.13,42509.64,41360.3621
000029.SZ,20160523,9.28,9.4,9.28,9.34,52101.97,51511.3075
000029.SZ,20160520,9.15,9.36,8.97,9.29,46146.3,44930.5349
000029.SZ,20160519,9.24,9.41,9.14,9.2,43399.91,42699.3058
000029.SZ,20160518,9.44,9.51,9.07,9.25,60435.95,59529.104
000029.SZ,20160517,9.53,9.72,9.42,9.55,61420.41,62047.1391
000029.SZ,20160516,9.45,9.51,9.36,9.51,44303.12,44248.6942
000029.SZ,20160513,9.26,9.56,9.25,9.37,54762.1,54691.8927
000029.SZ,20160512,9.44,9.44,8.88,9.31,64477.82,63030.7429
000029.SZ,20160511,9.59,9.76,9.44,9.57,66378.56,67741.9142
000029.SZ,20160510,9.46,9.61,9.43,9.5,53537.28,53897.8322
000029.SZ,20160509,9.91,9.91,9.41,9.46,96732.69,97981.2494
000029.SZ,20160506,10.58,10.62,10.12,10.14,114125.91,124708.4004
000029.SZ,20160505,10.52,10.61,10.48,10.56,71550.51,79850.4227
000029.SZ,20160504,10.52,10.72,10.49,10.57,92751.82,104336.6049
000029.SZ,20160503,10.46,10.59,10.32,10.58,85504.77,95272.1797
000029.SZ,20160429,10.27,10.49,10.27,10.41,76217.45,84135.7658
000029.SZ,20160428,10.59,10.61,10.1,10.38,128517.55,140753.5427
000029.SZ,20160427,10.67,10.78,10.54,10.57,114351.22,129052.0044
000029.SZ,20160426,10.47,10.74,10.39,10.69,126869.76,142154.987
000029.SZ,20160425,10.74,10.74,10.41,10.47,146946.45,163622.9956
000029.SZ,20160422,11.16,11.31,10.57,10.72,301323.84,349123.609
000029.SZ,20160421,11.34,12.45,11.25,11.66,557111.71,701776.5539
000029.SZ,20160420,11.03,11.79,10.11,11.75,400998.1,470157.0148
000029.SZ,20160419,10.6,11.18,10.6,10.97,244060.65,282664.3582
000029.SZ,20160418,10.75,10.75,10.49,10.56,106769.7,119732.1846
000029.SZ,20160415,10.75,11.07,10.75,10.91,159054.25,184354.0593
000029.SZ,20160414,10.85,10.9,10.68,10.8,108572.75,123910.2909
000029.SZ,20160413,10.68,10.96,10.68,10.76,136775.25,156913.0061
000029.SZ,20160412,10.8,10.85,10.51,10.71,101789.84,114876.1231
000029.SZ,20160411,10.77,10.85,10.65,10.73,103836.25,118403.6158
000029.SZ,20160408,10.81,10.81,10.49,10.65,173391.29,194672.2021
000029.SZ,20160407,11.07,11.42,10.93,10.98,182069.29,214929.6455
000029.SZ,20160406,11.14,11.33,10.98,11.09,157975.82,186162.6083
000029.SZ,20160405,10.82,11.2,10.81,11.11,176641.0,207509.2124
000029.SZ,20160401,10.76,11.05,10.67,10.92,188688.57,218040.9227
000029.SZ,20160331,10.81,11.1,10.72,10.78,202618.76,234082.7297
000029.SZ,20160330,10.54,10.86,10.51,10.8,177801.61,201275.7908
000029.SZ,20160329,11.03,11.07,10.37,10.51,211638.16,237689.1699
000029.SZ,20160328,11.28,11.54,10.87,11.0,338069.69,401726.9294
000029.SZ,20160325,11.37,11.85,11.36,11.56,329898.24,404531.0611
000029.SZ,20160324,11.39,11.86,11.19,11.35,405949.78,494292.1152
000029.SZ,20160323,11.42,11.55,11.07,11.37,281617.45,336479.7045
000029.SZ,20160322,11.43,11.74,11.34,11.4,409826.53,498460.6052
000029.SZ,20160321,11.05,12.25,10.95,11.85,675619.65,827106.77
000029.SZ,20160318,10.86,11.52,10.76,11.14,554641.16,652182.7141
000029.SZ,20160317,10.51,11.12,10.3,10.95,479473.96,548209.7251
000029.SZ,20160316,10.72,10.76,10.1,10.51,315461.95,347083.0439
000029.SZ,20160315,10.85,11.01,10.41,10.6,389375.59,439911.49
000029.SZ,20160314,10.94,11.55,10.72,11.03,486229.37,572711.1219
000029.SZ,20160311,10.62,11.23,10.56,10.76,416264.34,479008.436
000029.SZ,20160310,11.43,11.78,10.79,10.9,503717.58,603385.1677
000029.SZ,20160309,11.32,11.9,10.95,11.38,585159.08,710386.2743
000029.SZ,20160308,12.38,12.45,11.48,12.08,713137.42,901203.8117
000029.SZ,20160307,12.26,13.52,12.0,12.59,1026181.27,1377066.5014
000029.SZ,20160304,12.29,12.29,11.92,12.29,1138548.07,1475606.7709
000029.SZ,20160303,11.18,11.18,11.18,11.18,48455.29,57371.0634
000029.SZ,20160302,10.16,10.16,10.16,10.16,68876.55,74111.1678
000029.SZ,20160301,8.48,9.23,8.4,9.23,122342.34,117012.9995
000029.SZ,20160229,9.11,9.25,8.18,8.39,180062.01,163385.9758
000029.SZ,20160226,9.3,9.47,8.45,8.97,150974.08,144928.0202
000029.SZ,20160225,10.33,10.33,9.35,9.35,208219.71,213554.2425
000029.SZ,20160224,10.2,10.41,10.08,10.39,153040.9,166283.4683
000029.SZ,20160223,10.41,10.55,10.04,10.31,201503.66,218896.4166
000029.SZ,20160222,10.67,10.73,10.32,10.4,204368.09,226928.4232
000029.SZ,20160219,10.39,10.9,10.27,10.37,246888.32,275431.9085
000029.SZ,20160218,10.39,11.31,10.26,10.63,326345.68,370552.216
000029.SZ,20160217,10.63,11.0,10.08,10.61,371933.96,417920.2054
000029.SZ,20160216,9.43,10.31,9.35,10.31,218324.64,229528.5072
000029.SZ,20160215,8.92,9.61,8.8,9.38,194400.83,192074.0024
000029.SZ,20160205,9.63,9.85,9.03,9.23,211506.38,211937.2365
000029.SZ,20160204,9.68,10.37,9.47,9.82,329980.45,344430.2863
000029.SZ,20160203,9.05,10.19,8.92,9.72,345395.08,353485.0492
000029.SZ,20160202,8.73,9.62,8.41,9.34,350932.15,332357.8697
000029.SZ,20160201,9.33,9.55,8.7,8.82,384120.42,368891.1294
000029.SZ,20160129,8.22,8.84,8.04,8.84,295348.4,268687.7821
000029.SZ,20160128,7.15,8.03,7.09,8.03,320038.85,267997.437
000029.SZ,20160127,7.63,7.69,6.88,7.31,103092.98,78449.2453
000029.SZ,20160126,8.31,8.38,7.6,7.6,83107.5,70242.8416
000029.SZ,20160125,8.42,8.53,8.31,8.44,46604.99,41680.9344
000029.SZ,20160122,8.45,8.54,8.19,8.34,75679.97,67022.9516
000029.SZ,20160121,8.65,8.93,8.31,8.34,82918.57,76290.4523
000029.SZ,20160120,8.82,9.11,8.71,8.84,100856.82,94990.9073
000029.SZ,20160119,8.41,8.87,8.4,8.82,102188.46,94064.4101
000029.SZ,20160118,7.94,8.64,7.86,8.49,87913.33,77954.7109
000029.SZ,20160115,8.45,8.73,8.13,8.2,91635.72,82449.7041
000029.SZ,20160114,7.93,8.53,7.86,8.5,78656.67,68472.2123
000029.SZ,20160113,8.61,8.68,8.12,8.2,68349.38,61485.6868
000029.SZ,20160112,8.38,8.69,8.22,8.58,92446.25,83247.2966
000029.SZ,20160111,9.25,9.37,8.59,8.59,103639.85,98505.2238
000029.SZ,20160108,9.64,9.87,8.75,9.55,108627.68,109491.9688
000029.SZ,20160107,10.3,10.35,9.52,9.52,28455.0,29749.6136
000029.SZ,20160106,10.48,10.57,10.23,10.57,102165.19,113020.5649
000029.SZ,20160105,10.37,10.91,9.91,10.31,141430.72,155271.7689
000029.SZ,20160104,12.16,12.25,10.98,10.98,106835.22,129758.833
